"no_reg","pilihan"
"202018737","Teman "
"211000001","Media Promosi Cetak (Poster, Flyer, Brosur)"
"211000001","Forum Diskusi Online"
"211004525","Jejaring Sosial"
"211004525","Teman "
"231000085","Media Promosi Cetak (Poster, Flyer, Brosur)"
"231000157","Website infopmb.itpln.ac.id"
"231000834","Teman "
"231000886","Jejaring Sosial"
"231000886","Website infopmb.itpln.ac.id"
"231000886","Media Promosi Cetak (Poster, Flyer, Brosur)"
"231001180","Teman "
"231001241","Guru / Sekolah"
"231001422","Website infopmb.itpln.ac.id"
"231001460","Website infopmb.itpln.ac.id"
"231001658","Jejaring Sosial"
"231002333","Email / SMS Broadcast"
"231002438","Teman "
"231002438","Website infopmb.itpln.ac.id"
"231002438","Media Cetak (Surat Kabar, Koran, Majalah)"
"231002438","Guru / Sekolah"
"231002848","Website infopmb.itpln.ac.id"
"231002848","Jejaring Sosial"
"231002986","Website infopmb.itpln.ac.id"
"231003055","Website infopmb.itpln.ac.id"
"231003055","Jejaring Sosial"
"231003055","Guru / Sekolah"
"231003198","Teman "
"231003198","Jejaring Sosial"
"231004420","Guru / Sekolah"
"231007318","Media Promosi Cetak (Poster, Flyer, Brosur)"
"232000011","Website infopmb.itpln.ac.id"
"232000011","Teman "
"232000024","Media Promosi Cetak (Poster, Flyer, Brosur)"
"232000037","Teman "
"232000091","Media Cetak (Surat Kabar, Koran, Majalah)"
"232000120","Website infopmb.itpln.ac.id"
"232000128","Website infopmb.itpln.ac.id"
"232000147","Teman "
"232000147","Website infopmb.itpln.ac.id"
"232000147","Jejaring Sosial"
"232000156","Jejaring Sosial"
"232000156","Teman "
"232000156","Media Promosi Cetak (Poster, Flyer, Brosur)"
"232000187","Jejaring Sosial"
"232000187","Teman "
"232000187","Email / SMS Broadcast"
"232000187","Website infopmb.itpln.ac.id"
"232000188","Forum Diskusi Online"
"232002157","Website infopmb.itpln.ac.id"
"232002157","Forum Diskusi Online"
"232002157","Jejaring Sosial"
"232002157","Media Promosi Cetak (Poster, Flyer, Brosur)"
"232002157","Teman "
"241000010","Website infopmb.itpln.ac.id"
"241000011","Teman "
"241000012","Website infopmb.itpln.ac.id"
"241000013","Media Cetak (Surat Kabar, Koran, Majalah)"
"241000015","Website infopmb.itpln.ac.id"
"241000016","Website infopmb.itpln.ac.id"
"241000017","Website infopmb.itpln.ac.id"
"241000018","Guru / Sekolah"
"241000019","Website Lain"
"241000020","Website infopmb.itpln.ac.id"
"241000021","Website Lain"
"241000021","Website infopmb.itpln.ac.id"
"241000022","Teman "
"241000022","Website infopmb.itpln.ac.id"
"241000024","Website Lain"
"241000025","Website infopmb.itpln.ac.id"
"241000027","Jejaring Sosial"
"241000028","Media Elektronik (Televisi, Radio)"
"241000031","Website infopmb.itpln.ac.id"
"241000035","Jejaring Sosial"
"241000036","Website infopmb.itpln.ac.id"
"241000037","Jejaring Sosial"
"241000038","Website infopmb.itpln.ac.id"
"241000039","Website infopmb.itpln.ac.id"
"241000039","Teman "
"241000042","Website infopmb.itpln.ac.id"
"241000042","Jejaring Sosial"
"241000046","Media Cetak (Surat Kabar, Koran, Majalah)"
"241000049","Website infopmb.itpln.ac.id"
"241000049","Jejaring Sosial"
"241000051","Website Lain"
"241000051","Jejaring Sosial"
"241000051","Media Promosi Cetak (Poster, Flyer, Brosur)"
"241000052","Forum Diskusi Online"
"241000053","Teman "
"241000054","Website infopmb.itpln.ac.id"
"241000055","Jejaring Sosial"
"241000055","Website infopmb.itpln.ac.id"
"241000056","Teman "
"241000057","Website infopmb.itpln.ac.id"
"241000060","Media Promosi Cetak (Poster, Flyer, Brosur)"
"241000061","Media Elektronik (Televisi, Radio)"
"241000062","Website infopmb.itpln.ac.id"
"241000062","Jejaring Sosial"
"241000064","Jejaring Sosial"
"241000064","Website infopmb.itpln.ac.id"
"241000068","Website infopmb.itpln.ac.id"
"241000069","Jejaring Sosial"
"241000069","Website infopmb.itpln.ac.id"
"241000070","Website Lain"
"241000071","Jejaring Sosial"
"241000071","Teman "
"241000072","Teman "
"241000075","Website infopmb.itpln.ac.id"
"241000075","Teman "
"241000076","Jejaring Sosial"
"241000076","Media Cetak (Surat Kabar, Koran, Majalah)"
"241000077","Teman "
"241000077","Jejaring Sosial"
"241000079","Media Promosi Cetak (Poster, Flyer, Brosur)"
"241000079","Jejaring Sosial"
"241000081","Jejaring Sosial"
"241000082","Teman "
"241000083","Website infopmb.itpln.ac.id"
"241000084","Website infopmb.itpln.ac.id"
"241000084","Media Elektronik (Televisi, Radio)"
"241000086","Jejaring Sosial"
"241000087","Teman "
"241000087","Website infopmb.itpln.ac.id"
"241000094","Website infopmb.itpln.ac.id"
"241000095","Jejaring Sosial"
"241000096","Website infopmb.itpln.ac.id"
"241000099","Media Promosi Cetak (Poster, Flyer, Brosur)"
"241000100","HIMDA"
"241000100","Website infopmb.itpln.ac.id"
"241000100","Jejaring Sosial"
"241000100","Website Lain"
"241000100","Guru / Sekolah"
"241000100","Media Elektronik (Televisi, Radio)"
"241000100","Teman "
"241000100","Forum Diskusi Online"
"241000100","Email / SMS Broadcast"
"241000100","Media Promosi Cetak (Poster, Flyer, Brosur)"
"241000101","Teman "
"241000103","Teman "
"241000103","Media Elektronik (Televisi, Radio)"
"241000104","Teman "
"241000107","Website infopmb.itpln.ac.id"
"241000108","Email / SMS Broadcast"
"241000111","Teman "
"241000111","Guru / Sekolah"
"241000111","Jejaring Sosial"
"241000114","Media Elektronik (Televisi, Radio)"
"241000114","Media Cetak (Surat Kabar, Koran, Majalah)"
"241000114","Media Promosi Cetak (Poster, Flyer, Brosur)"
"241000115","Website infopmb.itpln.ac.id"
"241000115","Media Elektronik (Televisi, Radio)"
"241000119","Teman "
"241000119","Website infopmb.itpln.ac.id"
"241000119","Jejaring Sosial"
"241000120","Teman "
"241000120","Jejaring Sosial"
"241000121","Media Elektronik (Televisi, Radio)"
"241000121","Jejaring Sosial"
"241000122","Teman "
"241000124","Website infopmb.itpln.ac.id"
"241000125","Jejaring Sosial"
"241000126","Media Elektronik (Televisi, Radio)"
"241000126","Website infopmb.itpln.ac.id"
"241000126","Media Promosi Cetak (Poster, Flyer, Brosur)"
"241000133","Jejaring Sosial"
"241000134","Website infopmb.itpln.ac.id"
"241000138","Website infopmb.itpln.ac.id"
"241000139","Media Promosi Cetak (Poster, Flyer, Brosur)"
"241000140","Forum Diskusi Online"
"241000140","Guru / Sekolah"
"241000141","Website infopmb.itpln.ac.id"
"241000147","Media Elektronik (Televisi, Radio)"
"241000148","Website infopmb.itpln.ac.id"
"241000151","Jejaring Sosial"
"241000155","Jejaring Sosial"
"241000156","Website infopmb.itpln.ac.id"
"241000157","Teman "
"241000157","Media Promosi Cetak (Poster, Flyer, Brosur)"
"241000157","Jejaring Sosial"
"241000158","Teman "
"241000159","Jejaring Sosial"
"241000164","Jejaring Sosial"
"241000166","Website infopmb.itpln.ac.id"
"241000166","Website Lain"
"241000167","Website infopmb.itpln.ac.id"
"241000168","Website infopmb.itpln.ac.id"
"241000168","Forum Diskusi Online"
"241000171","Media Cetak (Surat Kabar, Koran, Majalah)"
"241000171","Teman "
"241000174","Jejaring Sosial"
"241000176","Website infopmb.itpln.ac.id"
"241000176","Jejaring Sosial"
"241000177","Website infopmb.itpln.ac.id"
"241000181","Teman "
"241000184","Jejaring Sosial"
"241000185","Teman "
"241000187","Media Promosi Cetak (Poster, Flyer, Brosur)"
"241000189","Website infopmb.itpln.ac.id"
"241000193","Jejaring Sosial"
"241000194","Website infopmb.itpln.ac.id"
"241000195","Media Promosi Cetak (Poster, Flyer, Brosur)"
"241000195","Media Cetak (Surat Kabar, Koran, Majalah)"
"241000195","Media Elektronik (Televisi, Radio)"
"241000196","Website infopmb.itpln.ac.id"
"241000197","Teman "
"241000198","Jejaring Sosial"
"241000199","Media Promosi Cetak (Poster, Flyer, Brosur)"
"241000202","Jejaring Sosial"
"241000203","Jejaring Sosial"
"241000204","Jejaring Sosial"
"241000205","Website infopmb.itpln.ac.id"
"241000206","Website infopmb.itpln.ac.id"
"241000206","Website Lain"
"241000206","Teman "
"241000208","Jejaring Sosial"
"241000210","Jejaring Sosial"
"241000210","Teman "
"241000212","Teman "
"241000212","Website infopmb.itpln.ac.id"
"241000212","Forum Diskusi Online"
"241000214","Email / SMS Broadcast"
"241000215","Website infopmb.itpln.ac.id"
"241000216","Website infopmb.itpln.ac.id"
"241000217","Website infopmb.itpln.ac.id"
"241000219","Teman "
"241000219","Website infopmb.itpln.ac.id"
"241000219","Jejaring Sosial"
"241000220","Media Elektronik (Televisi, Radio)"
"241000220","Jejaring Sosial"
"241000221","Jejaring Sosial"
"241000221","Guru / Sekolah"
"241000221","Teman "
"241000223","Website infopmb.itpln.ac.id"
"241000225","Media Cetak (Surat Kabar, Koran, Majalah)"
"241000226","Teman "
"241000227","Website infopmb.itpln.ac.id"
"241000228","Teman "
"241000230","Teman "
"241000230","Website infopmb.itpln.ac.id"
"241000230","Jejaring Sosial"
"241000232","Website infopmb.itpln.ac.id"
"241000233","Website infopmb.itpln.ac.id"
"241000233","Jejaring Sosial"
"241000234","Jejaring Sosial"
"241000235","Website infopmb.itpln.ac.id"
"241000237","Website infopmb.itpln.ac.id"
"241000238","Website infopmb.itpln.ac.id"
"241000238","Teman "
"241000239","Jejaring Sosial"
"241000240","Guru / Sekolah"
"241000241","Media Elektronik (Televisi, Radio)"
"241000242","Jejaring Sosial"
"241000243","Jejaring Sosial"
"241000243","Website infopmb.itpln.ac.id"
"241000244","Jejaring Sosial"
"241000244","Website infopmb.itpln.ac.id"
"241000245","Jejaring Sosial"
"241000245","Teman "
"241000246","Website infopmb.itpln.ac.id"
"241000247","Media Promosi Cetak (Poster, Flyer, Brosur)"
"241000248","Website infopmb.itpln.ac.id"
"241000248","Teman "
"241000249","Media Cetak (Surat Kabar, Koran, Majalah)"
"241000250","Jejaring Sosial"
"241000251","Website infopmb.itpln.ac.id"
"241000251","Jejaring Sosial"
"241000252","Website infopmb.itpln.ac.id"
"241000254","Teman "
"241000255","Jejaring Sosial"
"241000261","Website infopmb.itpln.ac.id"
"241000261","Jejaring Sosial"
"241000264","Website infopmb.itpln.ac.id"
"241000266","Media Elektronik (Televisi, Radio)"
"241000267","Jejaring Sosial"
"241000268","Website infopmb.itpln.ac.id"
"241000269","Jejaring Sosial"
"241000269","Teman "
"241000271","Teman "
"241000271","Website infopmb.itpln.ac.id"
"241000272","Website infopmb.itpln.ac.id"
"241000273","Jejaring Sosial"
"241000275","Website infopmb.itpln.ac.id"
"241000276","Website infopmb.itpln.ac.id"
"241000277","Jejaring Sosial"
"241000277","Website Lain"
"241000277","Website infopmb.itpln.ac.id"
"241000278","Jejaring Sosial"
"241000279","Teman "
"241000280","Jejaring Sosial"
"241000281","Website infopmb.itpln.ac.id"
"241000283","Jejaring Sosial"
"241000284","Teman "
"241000284","Website infopmb.itpln.ac.id"
"241000285","Jejaring Sosial"
"241000286","Website infopmb.itpln.ac.id"
"241000288","Jejaring Sosial"
"241000288","Teman "
"241000288","Website infopmb.itpln.ac.id"
"241000289","Website infopmb.itpln.ac.id"
"241000290","Website infopmb.itpln.ac.id"
"241000291","Jejaring Sosial"
"241000291","Website infopmb.itpln.ac.id"
"241000291","Media Elektronik (Televisi, Radio)"
"241000292","Website infopmb.itpln.ac.id"
"241000292","Jejaring Sosial"
"241000294","Jejaring Sosial"
"241000294","Media Promosi Cetak (Poster, Flyer, Brosur)"
"241000294","Website infopmb.itpln.ac.id"
"241000295","Website infopmb.itpln.ac.id"
"241000296","Website infopmb.itpln.ac.id"
"241000297","Jejaring Sosial"
"241000297","Teman "
"241000297","Forum Diskusi Online"
"241000300","Website infopmb.itpln.ac.id"
"241000301","Jejaring Sosial"
"241000303","Jejaring Sosial"
"241000306","Teman "
"241000307","Website infopmb.itpln.ac.id"
"241000310","Website Lain"
"241000310","Teman "
"241000310","Jejaring Sosial"
"241000312","Media Cetak (Surat Kabar, Koran, Majalah)"
"241000312","Email / SMS Broadcast"
"241000316","Jejaring Sosial"
"241000316","Guru / Sekolah"
"241000316","Teman "
"241000317","Website infopmb.itpln.ac.id"
"241000319","Guru / Sekolah"
"241000320","Website infopmb.itpln.ac.id"
"241000320","Jejaring Sosial"
"241000320","Teman "
"241000322","Teman "
"241000326","Guru / Sekolah"
"241000328","Website infopmb.itpln.ac.id"
"241000329","Guru / Sekolah"
"241000329","Website infopmb.itpln.ac.id"
"241000329","Email / SMS Broadcast"
"241000329","Teman "
"241000330","Jejaring Sosial"
"241000331","Media Elektronik (Televisi, Radio)"
"241000333","Jejaring Sosial"
"241000334","Website infopmb.itpln.ac.id"
"241000335","Website infopmb.itpln.ac.id"
"241000336","Jejaring Sosial"
"241000336","Website infopmb.itpln.ac.id"
"241000338","Website infopmb.itpln.ac.id"
"241000339","Teman "
"241000341","Website infopmb.itpln.ac.id"
"241000344","Website infopmb.itpln.ac.id"
"241000345","Media Promosi Cetak (Poster, Flyer, Brosur)"
"241000345","Teman "
"241000347","Jejaring Sosial"
"241000348","Website infopmb.itpln.ac.id"
"241000350","Website infopmb.itpln.ac.id"
"241000350","Website Lain"
"241000350","Media Elektronik (Televisi, Radio)"
"241000351","Jejaring Sosial"
"241000353","Website Lain"
"241000354","Guru / Sekolah"
"241000356","Media Promosi Cetak (Poster, Flyer, Brosur)"
"241000356","Guru / Sekolah"
"241000359","Teman "
"241000360","Media Elektronik (Televisi, Radio)"
"241000360","Media Cetak (Surat Kabar, Koran, Majalah)"
"241000360","Guru / Sekolah"
"241000360","Website infopmb.itpln.ac.id"
"241000360","Teman "
"241000360","Jejaring Sosial"
"241000361","Website infopmb.itpln.ac.id"
"241000362","Website infopmb.itpln.ac.id"
"241000364","Teman "
"241000365","Website infopmb.itpln.ac.id"
"241000367","Teman "
"241000367","Website infopmb.itpln.ac.id"
"241000367","Media Promosi Cetak (Poster, Flyer, Brosur)"
"241000367","Jejaring Sosial"
"241000368","Jejaring Sosial"
"241000371","Guru / Sekolah"
"241000371","Email / SMS Broadcast"
"241000371","Website infopmb.itpln.ac.id"
"241000371","Website Lain"
"241000371","Jejaring Sosial"
"241000373","Jejaring Sosial"
"241000374","Jejaring Sosial"
"241000374","Website infopmb.itpln.ac.id"
"241000375","Website infopmb.itpln.ac.id"
"241000375","Media Cetak (Surat Kabar, Koran, Majalah)"
"241000377","Website Lain"
"241000378","Website infopmb.itpln.ac.id"
"241000379","Website infopmb.itpln.ac.id"
"241000382","Teman "
"241000383","Website infopmb.itpln.ac.id"
"241000384","Teman "
"241000385","Jejaring Sosial"
"241000386","Jejaring Sosial"
"241000387","Guru / Sekolah"
"241000388","Teman "
"241000389","Jejaring Sosial"
"241000395","Jejaring Sosial"
"241000396","Website infopmb.itpln.ac.id"
"241000397","Teman "
"241000399","Website infopmb.itpln.ac.id"
"241000400","Jejaring Sosial"
"241000400","Teman "
"241000400","Website infopmb.itpln.ac.id"
"241000401","Website infopmb.itpln.ac.id"
"241000402","Website infopmb.itpln.ac.id"
"241000402","Jejaring Sosial"
"241000403","Website infopmb.itpln.ac.id"
"241000404","Guru / Sekolah"
"241000405","Jejaring Sosial"
"241000405","Website infopmb.itpln.ac.id"
"241000406","Website infopmb.itpln.ac.id"
"241000407","Jejaring Sosial"
"241000408","Website infopmb.itpln.ac.id"
"241000408","Jejaring Sosial"
"241000409","Website infopmb.itpln.ac.id"
"241000409","Teman "
"241000410","Website infopmb.itpln.ac.id"
"241000411","Teman "
"241000412","Jejaring Sosial"
"241000412","Media Elektronik (Televisi, Radio)"
"241000413","Teman "
"241000413","Guru / Sekolah"
"241000413","Website infopmb.itpln.ac.id"
"241000414","Media Cetak (Surat Kabar, Koran, Majalah)"
"241000414","Media Promosi Cetak (Poster, Flyer, Brosur)"
"241000414","Jejaring Sosial"
"241000415","Website infopmb.itpln.ac.id"
"241000415","Jejaring Sosial"
"241000419","Website infopmb.itpln.ac.id"
"241000420","Teman "
"241000422","Media Promosi Cetak (Poster, Flyer, Brosur)"
"241000422","Website infopmb.itpln.ac.id"
"241000422","Teman "
"241000423","Teman "
"241000424","Website infopmb.itpln.ac.id"
"241000425","Media Promosi Cetak (Poster, Flyer, Brosur)"
"241000425","Media Elektronik (Televisi, Radio)"
"241000425","Website infopmb.itpln.ac.id"
"241000427","Jejaring Sosial"
"241000427","Website infopmb.itpln.ac.id"
"241000428","Jejaring Sosial"
"241000431","Jejaring Sosial"
"241000432","Media Cetak (Surat Kabar, Koran, Majalah)"
"241000433","Website infopmb.itpln.ac.id"
"241000433","Teman "
"241000435","Website infopmb.itpln.ac.id"
"241000436","Website infopmb.itpln.ac.id"
"241000437","Jejaring Sosial"
"241000438","Jejaring Sosial"
"241000439","Teman "
"241000439","Forum Diskusi Online"
"241000439","Media Elektronik (Televisi, Radio)"
"241000439","Guru / Sekolah"
"241000440","Website infopmb.itpln.ac.id"
"241000441","Website infopmb.itpln.ac.id"
"241000442","Jejaring Sosial"
"241000443","Guru / Sekolah"
"241000446","Email / SMS Broadcast"
"241000447","Media Elektronik (Televisi, Radio)"
"241000448","Teman "
"241000449","Website infopmb.itpln.ac.id"
"241000451","Media Cetak (Surat Kabar, Koran, Majalah)"
"241000451","Media Promosi Cetak (Poster, Flyer, Brosur)"
"241000451","Website Lain"
"241000452","Jejaring Sosial"
"241000453","Media Elektronik (Televisi, Radio)"
"241000453","Jejaring Sosial"
"241000455","Forum Diskusi Online"
"241000455","Media Cetak (Surat Kabar, Koran, Majalah)"
"241000455","Email / SMS Broadcast"
"241000455","Website Lain"
"241000455","Website infopmb.itpln.ac.id"
"241000455","Media Promosi Cetak (Poster, Flyer, Brosur)"
"241000455","Teman "
"241000456","Teman "
"241000456","Website infopmb.itpln.ac.id"
"241000459","Jejaring Sosial"
"241000459","Website Lain"
"241000460","Teman "
"241000462","Jejaring Sosial"
"241000462","Website infopmb.itpln.ac.id"
"241000463","Jejaring Sosial"
"241000464","Media Elektronik (Televisi, Radio)"
"241000466","Teman "
"241000466","Website infopmb.itpln.ac.id"
"241000468","Jejaring Sosial"
"241000468","Media Cetak (Surat Kabar, Koran, Majalah)"
"241000468","Website infopmb.itpln.ac.id"
"241000469","Teman "
"241000469","Jejaring Sosial"
"241000470","Website infopmb.itpln.ac.id"
"241000470","Jejaring Sosial"
"241000471","Guru / Sekolah"
"241000472","Teman "
"241000472","Guru / Sekolah"
"241000475","Website infopmb.itpln.ac.id"
"241000476","Jejaring Sosial"
"241000476","Website Lain"
"241000477","Media Promosi Cetak (Poster, Flyer, Brosur)"
"241000478","Website Lain"
"241000479","Jejaring Sosial"
"241000479","Website infopmb.itpln.ac.id"
"241000480","Website infopmb.itpln.ac.id"
"241000481","Jejaring Sosial"
"241000481","Website infopmb.itpln.ac.id"
"241000483","Jejaring Sosial"
"241000487","Website infopmb.itpln.ac.id"
"241000488","Teman "
"241000489","Jejaring Sosial"
"241000490","Teman "
"241000491","Email / SMS Broadcast"
"241000492","Jejaring Sosial"
"241000492","Website infopmb.itpln.ac.id"
"241000493","Jejaring Sosial"
"241000495","Media Promosi Cetak (Poster, Flyer, Brosur)"
"241000500","Jejaring Sosial"
"241000500","Website infopmb.itpln.ac.id"
"241000501","Teman "
"241000502","Jejaring Sosial"
"241000503","Website infopmb.itpln.ac.id"
"241000503","Website Lain"
"241000504","Teman "
"241000505","Teman "
"241000509","Teman "
"241000509","Guru / Sekolah"
"241000510","Teman "
"241000511","Website infopmb.itpln.ac.id"
"241000515","Teman "
"241000515","Media Elektronik (Televisi, Radio)"
"241000515","Media Cetak (Surat Kabar, Koran, Majalah)"
"241000515","Media Promosi Cetak (Poster, Flyer, Brosur)"
"241000518","Website infopmb.itpln.ac.id"
"241000520","Jejaring Sosial"
"241000521","Jejaring Sosial"
"241000522","Website infopmb.itpln.ac.id"
"241000525","Jejaring Sosial"
"241000526","HIMDA"
"241000527","Website infopmb.itpln.ac.id"
"241000528","Jejaring Sosial"
"241000529","Teman "
"241000529","Website infopmb.itpln.ac.id"
"241000531","Jejaring Sosial"
"241000531","Teman "
"241000535","Jejaring Sosial"
"241000535","Website infopmb.itpln.ac.id"
"241000537","Teman "
"241000538","Media Cetak (Surat Kabar, Koran, Majalah)"
"241000539","Teman "
"241000540","Website infopmb.itpln.ac.id"
"241000543","Website infopmb.itpln.ac.id"
"241000545","Website infopmb.itpln.ac.id"
"241000550","Teman "
"241000551","Jejaring Sosial"
"241000552","Media Promosi Cetak (Poster, Flyer, Brosur)"
"241000554","Jejaring Sosial"
"241000554","Website Lain"
"241000555","Media Promosi Cetak (Poster, Flyer, Brosur)"
"241000555","Media Elektronik (Televisi, Radio)"
"241000557","Jejaring Sosial"
"241000559","Teman "
"241000559","Jejaring Sosial"
"241000559","Website infopmb.itpln.ac.id"
"241000560","Guru / Sekolah"
"241000560","Forum Diskusi Online"
"241000560","Website Lain"
"241000560","Website infopmb.itpln.ac.id"
"241000564","Forum Diskusi Online"
"241000565","Teman "
"241000565","Jejaring Sosial"
"241000566","Guru / Sekolah"
"241000567","Jejaring Sosial"
"241000567","Website infopmb.itpln.ac.id"
"241000570","Guru / Sekolah"
"241000570","Teman "
"241000570","Website infopmb.itpln.ac.id"
"241000572","Jejaring Sosial"
"241000572","Website Lain"
"241000574","Jejaring Sosial"
"241000576","Jejaring Sosial"
"241000577","Website infopmb.itpln.ac.id"
"241000580","Teman "
"241000582","Website infopmb.itpln.ac.id"
"241000583","Teman "
"241000583","Jejaring Sosial"
"241000584","Guru / Sekolah"
"241000586","Website Lain"
"241000586","Guru / Sekolah"
"241000588","Teman "
"241000590","Jejaring Sosial"
"241000590","Website infopmb.itpln.ac.id"
"241000591","Teman "
"241000591","Forum Diskusi Online"
"241000593","Jejaring Sosial"
"241000594","Jejaring Sosial"
"241000596","Website infopmb.itpln.ac.id"
"241000596","Jejaring Sosial"
"241000597","Teman "
"241000598","Media Promosi Cetak (Poster, Flyer, Brosur)"
"241000599","Jejaring Sosial"
"241000600","Website infopmb.itpln.ac.id"
"241000601","Jejaring Sosial"
"241000602","Website infopmb.itpln.ac.id"
"241000603","Website infopmb.itpln.ac.id"
"241000604","Jejaring Sosial"
"241000604","Teman "
"241000606","Jejaring Sosial"
"241000607","Jejaring Sosial"
"241000607","Guru / Sekolah"
"241000608","Website infopmb.itpln.ac.id"
"241000609","Media Promosi Cetak (Poster, Flyer, Brosur)"
"241000609","Media Elektronik (Televisi, Radio)"
"241000609","Media Cetak (Surat Kabar, Koran, Majalah)"
"241000611","Jejaring Sosial"
"241000613","Media Elektronik (Televisi, Radio)"
"241000614","Jejaring Sosial"
"241000615","Website infopmb.itpln.ac.id"
"241000615","Teman "
"241000617","Website Lain"
"241000618","Website infopmb.itpln.ac.id"
"241000621","Jejaring Sosial"
"241000622","Media Cetak (Surat Kabar, Koran, Majalah)"
"241000623","Teman "
"241000625","Teman "
"241000626","Guru / Sekolah"
"241000627","Website infopmb.itpln.ac.id"
"241000627","Jejaring Sosial"
"241000628","Jejaring Sosial"
"241000629","Teman "
"241000630","Website infopmb.itpln.ac.id"
"241000630","Teman "
"241000631","Website infopmb.itpln.ac.id"
"241000637","Teman "
"241000638","Teman "
"241000639","Guru / Sekolah"
"241000640","Website Lain"
"241000640","Website infopmb.itpln.ac.id"
"241000644","Media Elektronik (Televisi, Radio)"
"241000644","Jejaring Sosial"
"241000644","Website infopmb.itpln.ac.id"
"241000645","Media Elektronik (Televisi, Radio)"
"241000645","Website infopmb.itpln.ac.id"
"241000646","Teman "
"241000647","Jejaring Sosial"
"241000648","Teman "
"241000649","Jejaring Sosial"
"241000650","Jejaring Sosial"
"241000650","Teman "
"241000652","Website infopmb.itpln.ac.id"
"241000652","Guru / Sekolah"
"241000654","Jejaring Sosial"
"241000655","Media Elektronik (Televisi, Radio)"
"241000655","Website Lain"
"241000655","Forum Diskusi Online"
"241000656","Website infopmb.itpln.ac.id"
"241000657","Teman "
"241000662","Jejaring Sosial"
"241000663","Media Promosi Cetak (Poster, Flyer, Brosur)"
"241000664","Jejaring Sosial"
"241000666","Jejaring Sosial"
"241000666","Website infopmb.itpln.ac.id"
"241000667","Website infopmb.itpln.ac.id"
"241000670","Guru / Sekolah"
"241000671","Website infopmb.itpln.ac.id"
"241000672","Jejaring Sosial"
"241000673","Website infopmb.itpln.ac.id"
"241000680","Jejaring Sosial"
"241000680","Website infopmb.itpln.ac.id"
"241000680","Teman "
"241000681","Jejaring Sosial"
"241000682","Teman "
"241000683","Jejaring Sosial"
"241000685","Guru / Sekolah"
"241000686","Teman "
"241000690","Jejaring Sosial"
"241000693","Teman "
"241000695","Teman "
"241000696","Teman "
"241000697","Website infopmb.itpln.ac.id"
"241000698","Website infopmb.itpln.ac.id"
"241000699","Jejaring Sosial"
"241000700","Teman "
"241000700","Media Promosi Cetak (Poster, Flyer, Brosur)"
"241000703","Website infopmb.itpln.ac.id"
"241000704","Jejaring Sosial"
"241000705","Website infopmb.itpln.ac.id"
"241000706","Website infopmb.itpln.ac.id"
"241000707","Teman "
"241000707","Website infopmb.itpln.ac.id"
"241000708","Forum Diskusi Online"
"241000709","Media Cetak (Surat Kabar, Koran, Majalah)"
"241000709","Website infopmb.itpln.ac.id"
"241000709","Guru / Sekolah"
"241000709","Media Promosi Cetak (Poster, Flyer, Brosur)"
"241000710","Guru / Sekolah"
"241000711","Website infopmb.itpln.ac.id"
"241000712","Teman "
"241000713","Media Elektronik (Televisi, Radio)"
"241000715","Website infopmb.itpln.ac.id"
"241000718","Website infopmb.itpln.ac.id"
"241000718","Teman "
"241000718","Website Lain"
"241000719","Jejaring Sosial"
"241000721","Website infopmb.itpln.ac.id"
"241000721","Teman "
"241000722","Website infopmb.itpln.ac.id"
"241000724","Website infopmb.itpln.ac.id"
"241000726","Jejaring Sosial"
"241000727","Website infopmb.itpln.ac.id"
"241000728","Jejaring Sosial"
"241000730","Media Cetak (Surat Kabar, Koran, Majalah)"
"241000730","Teman "
"241000731","Website infopmb.itpln.ac.id"
"241000732","Media Cetak (Surat Kabar, Koran, Majalah)"
"241000732","Jejaring Sosial"
"241000733","Teman "
"241000733","Website infopmb.itpln.ac.id"
"241000733","Jejaring Sosial"
"241000735","Media Cetak (Surat Kabar, Koran, Majalah)"
"241000735","Website Lain"
"241000735","Media Promosi Cetak (Poster, Flyer, Brosur)"
"241000735","Teman "
"241000735","Jejaring Sosial"
"241000736","Website infopmb.itpln.ac.id"
"241000739","Teman "
"241000740","Teman "
"241000741","Website infopmb.itpln.ac.id"
"241000742","Guru / Sekolah"
"241000742","Jejaring Sosial"
"241000743","Jejaring Sosial"
"241000743","Media Promosi Cetak (Poster, Flyer, Brosur)"
"241000743","Website infopmb.itpln.ac.id"
"241000744","Teman "
"241000745","Teman "
"241000747","Website infopmb.itpln.ac.id"
"241000748","Guru / Sekolah"
"241000749","Website infopmb.itpln.ac.id"
"241000750","Jejaring Sosial"
"241000750","Teman "
"241000750","Guru / Sekolah"
"241000755","Jejaring Sosial"
"241000756","Jejaring Sosial"
"241000757","Website infopmb.itpln.ac.id"
"241000759","Website infopmb.itpln.ac.id"
"241000761","Website infopmb.itpln.ac.id"
"241000761","Jejaring Sosial"
"241000762","Jejaring Sosial"
"241000763","Guru / Sekolah"
"241000764","Teman "
"241000764","Website infopmb.itpln.ac.id"
"241000765","Website infopmb.itpln.ac.id"
"241000765","Jejaring Sosial"
"241000767","Jejaring Sosial"
"241000769","Website Lain"
"241000771","Teman "
"241000771","Website infopmb.itpln.ac.id"
"241000771","Jejaring Sosial"
"241000772","Website Lain"
"241000773","Website infopmb.itpln.ac.id"
"241000774","Media Cetak (Surat Kabar, Koran, Majalah)"
"241000775","Website infopmb.itpln.ac.id"
"241000776","Website infopmb.itpln.ac.id"
"241000778","Forum Diskusi Online"
"241000778","Website infopmb.itpln.ac.id"
"241000778","Teman "
"241000778","Website Lain"
"241000779","Media Elektronik (Televisi, Radio)"
"241000779","Website infopmb.itpln.ac.id"
"241000779","Website Lain"
"241000780","Website infopmb.itpln.ac.id"
"241000785","Website infopmb.itpln.ac.id"
"241000785","Guru / Sekolah"
"241000785","Media Elektronik (Televisi, Radio)"
"241000785","Teman "
"241000786","Website infopmb.itpln.ac.id"
"241000787","Website infopmb.itpln.ac.id"
"241000789","Guru / Sekolah"
"241000791","Website infopmb.itpln.ac.id"
"241000793","Jejaring Sosial"
"241000794","Jejaring Sosial"
"241000795","Website infopmb.itpln.ac.id"
"241000796","Teman "
"241000797","Guru / Sekolah"
"241000799","Jejaring Sosial"
"241000800","Website infopmb.itpln.ac.id"
"241000801","Guru / Sekolah"
"241000801","Website infopmb.itpln.ac.id"
"241000801","Teman "
"241000802","Website Lain"
"241000804","Website infopmb.itpln.ac.id"
"241000805","Website infopmb.itpln.ac.id"
"241000810","Guru / Sekolah"
"241000811","Teman "
"241000812","Website infopmb.itpln.ac.id"
"241000813","Guru / Sekolah"
"241000814","Jejaring Sosial"
"241000815","Website infopmb.itpln.ac.id"
"241000815","Website Lain"
"241000815","Jejaring Sosial"
"241000816","Jejaring Sosial"
"241000817","Website Lain"
"241000818","Teman "
"241000819","Media Promosi Cetak (Poster, Flyer, Brosur)"
"241000821","Website infopmb.itpln.ac.id"
"241000821","Jejaring Sosial"
"241000822","Website infopmb.itpln.ac.id"
"241000823","Jejaring Sosial"
"241000824","Forum Diskusi Online"
"241000825","Teman "
"241000826","Website infopmb.itpln.ac.id"
"241000827","Jejaring Sosial"
"241000827","Website Lain"
"241000829","Guru / Sekolah"
"241000829","Teman "
"241000829","Jejaring Sosial"
"241000832","Teman "
"241000835","Jejaring Sosial"
"241000837","Website infopmb.itpln.ac.id"
"241000838","Jejaring Sosial"
"241000838","Media Cetak (Surat Kabar, Koran, Majalah)"
"241000838","Website infopmb.itpln.ac.id"
"241000839","Website infopmb.itpln.ac.id"
"241000841","Website infopmb.itpln.ac.id"
"241000842","Teman "
"241000845","Website Lain"
"241000846","Teman "
"241000847","Website infopmb.itpln.ac.id"
"241000848","Forum Diskusi Online"
"241000848","Website Lain"
"241000848","Website infopmb.itpln.ac.id"
"241000848","Media Promosi Cetak (Poster, Flyer, Brosur)"
"241000848","Jejaring Sosial"
"241000849","Website infopmb.itpln.ac.id"
"241000849","Teman "
"241000850","Website infopmb.itpln.ac.id"
"241000852","Media Promosi Cetak (Poster, Flyer, Brosur)"
"241000852","Jejaring Sosial"
"241000858","Website infopmb.itpln.ac.id"
"241000859","Website infopmb.itpln.ac.id"
"241000860","Teman "
"241000860","Website infopmb.itpln.ac.id"
"241000861","Media Cetak (Surat Kabar, Koran, Majalah)"
"241000863","Website infopmb.itpln.ac.id"
"241000866","Website infopmb.itpln.ac.id"
"241000867","Jejaring Sosial"
"241000869","Jejaring Sosial"
"241000870","Website infopmb.itpln.ac.id"
"241000873","Website infopmb.itpln.ac.id"
"241000874","Jejaring Sosial"
"241000874","Website infopmb.itpln.ac.id"
"241000875","Jejaring Sosial"
"241000877","Jejaring Sosial"
"241000878","Teman "
"241000881","Website infopmb.itpln.ac.id"
"241000882","Jejaring Sosial"
"241000884","Website infopmb.itpln.ac.id"
"241000884","Guru / Sekolah"
"241000884","Teman "
"241000885","Website infopmb.itpln.ac.id"
"241000886","Jejaring Sosial"
"241000887","Media Cetak (Surat Kabar, Koran, Majalah)"
"241000889","Teman "
"241000893","Jejaring Sosial"
"241000896","Jejaring Sosial"
"241000899","Jejaring Sosial"
"241000899","Website infopmb.itpln.ac.id"
"241000899","Website Lain"
"241000904","Website infopmb.itpln.ac.id"
"241000906","Website infopmb.itpln.ac.id"
"241000907","Website infopmb.itpln.ac.id"
"241000908","Media Promosi Cetak (Poster, Flyer, Brosur)"
"241000908","Teman "
"241000909","Guru / Sekolah"
"241000909","Jejaring Sosial"
"241000909","Teman "
"241000910","Website Lain"
"241000912","Guru / Sekolah"
"241000912","Teman "
"241000913","Media Elektronik (Televisi, Radio)"
"241000913","Jejaring Sosial"
"241000916","Jejaring Sosial"
"241000916","Website infopmb.itpln.ac.id"
"241000916","Guru / Sekolah"
"241000917","Teman "
"241000918","Website infopmb.itpln.ac.id"
"241000918","Guru / Sekolah"
"241000918","Jejaring Sosial"
"241000920","Jejaring Sosial"
"241000921","Website infopmb.itpln.ac.id"
"241000923","Teman "
"241000924","Jejaring Sosial"
"241000924","Forum Diskusi Online"
"241000927","Website Lain"
"241000927","Jejaring Sosial"
"241000930","Website Lain"
"241000932","Website infopmb.itpln.ac.id"
"241000935","Website infopmb.itpln.ac.id"
"241000935","Jejaring Sosial"
"241000937","Jejaring Sosial"
"241000937","Media Promosi Cetak (Poster, Flyer, Brosur)"
"241000940","Jejaring Sosial"
"241000942","Forum Diskusi Online"
"241000942","Media Elektronik (Televisi, Radio)"
"241000942","Jejaring Sosial"
"241000942","Media Promosi Cetak (Poster, Flyer, Brosur)"
"241000943","Website infopmb.itpln.ac.id"
"241000946","Website infopmb.itpln.ac.id"
"241000948","Media Cetak (Surat Kabar, Koran, Majalah)"
"241000949","Jejaring Sosial"
"241000949","Website infopmb.itpln.ac.id"
"241000950","Website infopmb.itpln.ac.id"
"241000951","Jejaring Sosial"
"241000952","Jejaring Sosial"
"241000953","Guru / Sekolah"
"241000953","Website infopmb.itpln.ac.id"
"241000953","Jejaring Sosial"
"241000955","Website infopmb.itpln.ac.id"
"241000957","Website infopmb.itpln.ac.id"
"241000958","Website infopmb.itpln.ac.id"
"241000960","Website infopmb.itpln.ac.id"
"241000961","Guru / Sekolah"
"241000964","Jejaring Sosial"
"241000966","Website infopmb.itpln.ac.id"
"241000970","Teman "
"241000972","Teman "
"241000974","Jejaring Sosial"
"241000975","Teman "
"241000976","Email / SMS Broadcast"
"241000978","Jejaring Sosial"
"241000978","Website infopmb.itpln.ac.id"
"241000979","Media Elektronik (Televisi, Radio)"
"241000979","Website infopmb.itpln.ac.id"
"241000980","Jejaring Sosial"
"241000980","Teman "
"241000981","Website Lain"
"241000981","Website infopmb.itpln.ac.id"
"241000985","Website infopmb.itpln.ac.id"
"241000987","Teman "
"241000989","Website infopmb.itpln.ac.id"
"241000994","Website infopmb.itpln.ac.id"
"241000997","Teman "
"241000999","Website Lain"
"241000999","Jejaring Sosial"
"241000999","Guru / Sekolah"
"241000999","HIMDA"
"241000999","Teman "
"241000999","Website infopmb.itpln.ac.id"
"241001002","Website infopmb.itpln.ac.id"
"241001004","Jejaring Sosial"
"241001005","Media Elektronik (Televisi, Radio)"
"241001005","Website infopmb.itpln.ac.id"
"241001006","Website infopmb.itpln.ac.id"
"241001008","Guru / Sekolah"
"241001008","Website infopmb.itpln.ac.id"
"241001010","Guru / Sekolah"
"241001011","Jejaring Sosial"
"241001012","Guru / Sekolah"
"241001012","Teman "
"241001013","Teman "
"241001014","Website infopmb.itpln.ac.id"
"241001015","Teman "
"241001016","Website infopmb.itpln.ac.id"
"241001018","Website infopmb.itpln.ac.id"
"241001020","Website infopmb.itpln.ac.id"
"241001022","Website infopmb.itpln.ac.id"
"241001023","Jejaring Sosial"
"241001026","Guru / Sekolah"
"241001027","Media Promosi Cetak (Poster, Flyer, Brosur)"
"241001029","Guru / Sekolah"
"241001030","Website infopmb.itpln.ac.id"
"241001032","Teman "
"241001033","Website infopmb.itpln.ac.id"
"241001033","Teman "
"241001034","Website infopmb.itpln.ac.id"
"241001036","Teman "
"241001036","Jejaring Sosial"
"241001038","Website infopmb.itpln.ac.id"
"241001039","Website infopmb.itpln.ac.id"
"241001039","Website Lain"
"241001039","Media Elektronik (Televisi, Radio)"
"241001039","Teman "
"241001039","Jejaring Sosial"
"241001040","Jejaring Sosial"
"241001042","Website infopmb.itpln.ac.id"
"241001044","Jejaring Sosial"
"241001045","Website infopmb.itpln.ac.id"
"241001046","Jejaring Sosial"
"241001047","Jejaring Sosial"
"241001048","Jejaring Sosial"
"241001049","Website infopmb.itpln.ac.id"
"241001049","Jejaring Sosial"
"241001051","Teman "
"241001051","Website infopmb.itpln.ac.id"
"241001051","Jejaring Sosial"
"241001054","Website infopmb.itpln.ac.id"
"241001057","Website infopmb.itpln.ac.id"
"241001060","Jejaring Sosial"
"241001061","Teman "
"241001063","Website infopmb.itpln.ac.id"
"241001064","Jejaring Sosial"
"241001065","Website Lain"
"241001066","Guru / Sekolah"
"241001066","Forum Diskusi Online"
"241001069","Teman "
"241001070","Teman "
"241001072","Guru / Sekolah"
"241001073","Guru / Sekolah"
"241001074","Forum Diskusi Online"
"241001074","Teman "
"241001077","Teman "
"241001077","Jejaring Sosial"
"241001080","Teman "
"241001080","Jejaring Sosial"
"241001080","Website Lain"
"241001080","Media Elektronik (Televisi, Radio)"
"241001080","Website infopmb.itpln.ac.id"
"241001081","Teman "
"241001082","Website infopmb.itpln.ac.id"
"241001091","Jejaring Sosial"
"241001091","Teman "
"241001092","Jejaring Sosial"
"241001092","Website infopmb.itpln.ac.id"
"241001094","Jejaring Sosial"
"241001095","Teman "
"241001097","Teman "
"241001098","Website Lain"
"241001099","Website infopmb.itpln.ac.id"
"241001099","Teman "
"241001103","Guru / Sekolah"
"241001104","Teman "
"241001106","Website infopmb.itpln.ac.id"
"241001106","Teman "
"241001110","Website infopmb.itpln.ac.id"
"241001112","Website infopmb.itpln.ac.id"
"241001113","Guru / Sekolah"
"241001114","Teman "
"241001114","Jejaring Sosial"
"241001114","Website infopmb.itpln.ac.id"
"241001115","Jejaring Sosial"
"241001116","Guru / Sekolah"
"241001116","Website infopmb.itpln.ac.id"
"241001117","Media Cetak (Surat Kabar, Koran, Majalah)"
"241001119","Teman "
"241001121","Website infopmb.itpln.ac.id"
"241001121","Media Promosi Cetak (Poster, Flyer, Brosur)"
"241001126","Guru / Sekolah"
"241001127","Website infopmb.itpln.ac.id"
"241001128","Teman "
"241001129","Jejaring Sosial"
"241001130","Jejaring Sosial"
"241001130","Teman "
"241001132","Website infopmb.itpln.ac.id"
"241001135","Website Lain"
"241001135","Jejaring Sosial"
"241001136","Jejaring Sosial"
"241001137","Teman "
"241001138","Jejaring Sosial"
"241001139","Website infopmb.itpln.ac.id"
"241001141","Media Cetak (Surat Kabar, Koran, Majalah)"
"241001143","Website infopmb.itpln.ac.id"
"241001144","Website infopmb.itpln.ac.id"
"241001149","Website infopmb.itpln.ac.id"
"241001150","Website infopmb.itpln.ac.id"
"241001150","Email / SMS Broadcast"
"241001151","Teman "
"241001152","Website infopmb.itpln.ac.id"
"241001152","Media Promosi Cetak (Poster, Flyer, Brosur)"
"241001153","Jejaring Sosial"
"241001156","Forum Diskusi Online"
"241001156","Website infopmb.itpln.ac.id"
"241001156","Jejaring Sosial"
"241001156","Teman "
"241001156","Guru / Sekolah"
"241001158","Website infopmb.itpln.ac.id"
"241001159","Jejaring Sosial"
"241001160","Jejaring Sosial"
"241001161","HIMDA"
"241001161","Guru / Sekolah"
"241001162","Website infopmb.itpln.ac.id"
"241001163","Guru / Sekolah"
"241001163","Website infopmb.itpln.ac.id"
"241001166","Teman "
"241001168","Website infopmb.itpln.ac.id"
"241001169","Website infopmb.itpln.ac.id"
"241001170","Teman "
"241001171","Jejaring Sosial"
"241001173","Teman "
"241001175","Teman "
"241001184","Website infopmb.itpln.ac.id"
"241001186","Jejaring Sosial"
"241001187","Guru / Sekolah"
"241001190","Jejaring Sosial"
"241001191","Teman "
"241001191","Guru / Sekolah"
"241001191","Website infopmb.itpln.ac.id"
"241001192","Website infopmb.itpln.ac.id"
"241001193","Media Promosi Cetak (Poster, Flyer, Brosur)"
"241001194","Jejaring Sosial"
"241001194","Teman "
"241001194","Website infopmb.itpln.ac.id"
"241001197","Teman "
"241001198","Website infopmb.itpln.ac.id"
"241001204","Media Promosi Cetak (Poster, Flyer, Brosur)"
"241001205","Teman "
"241001207","Website infopmb.itpln.ac.id"
"241001209","Jejaring Sosial"
"241001210","Website infopmb.itpln.ac.id"
"241001212","Teman "
"241001212","Guru / Sekolah"
"241001212","Website infopmb.itpln.ac.id"
"241001212","Media Promosi Cetak (Poster, Flyer, Brosur)"
"241001217","Jejaring Sosial"
"241001218","Guru / Sekolah"
"241001219","Website Lain"
"241001219","Teman "
"241001221","Teman "
"241001222","Website infopmb.itpln.ac.id"
"241001222","Teman "
"241001223","Website Lain"
"241001223","Jejaring Sosial"
"241001223","Guru / Sekolah"
"241001223","Teman "
"241001225","Website infopmb.itpln.ac.id"
"241001225","Teman "
"241001226","Jejaring Sosial"
"241001228","Website infopmb.itpln.ac.id"
"241001229","Teman "
"241001229","Jejaring Sosial"
"241001230","Media Promosi Cetak (Poster, Flyer, Brosur)"
"241001230","Jejaring Sosial"
"241001231","Website infopmb.itpln.ac.id"
"241001235","Guru / Sekolah"
"241001236","Website infopmb.itpln.ac.id"
"241001237","Media Promosi Cetak (Poster, Flyer, Brosur)"
"241001240","Website infopmb.itpln.ac.id"
"241001240","Teman "
"241001241","Website infopmb.itpln.ac.id"
"241001243","Website infopmb.itpln.ac.id"
"241001243","Jejaring Sosial"
"241001243","Teman "
"241001245","Media Promosi Cetak (Poster, Flyer, Brosur)"
"241001247","Website infopmb.itpln.ac.id"
"241001248","Teman "
"241001249","Website infopmb.itpln.ac.id"
"241001250","Website infopmb.itpln.ac.id"
"241001251","Guru / Sekolah"
"241001252","Teman "
"241001253","Website infopmb.itpln.ac.id"
"241001255","Website infopmb.itpln.ac.id"
"241001256","Guru / Sekolah"
"241001257","Teman "
"241001258","Media Promosi Cetak (Poster, Flyer, Brosur)"
"241001258","Website infopmb.itpln.ac.id"
"241001259","Website infopmb.itpln.ac.id"
"241001259","Jejaring Sosial"
"241001260","Media Elektronik (Televisi, Radio)"
"241001263","Website Lain"
"241001263","Website infopmb.itpln.ac.id"
"241001265","Teman "
"241001266","Website infopmb.itpln.ac.id"
"241001268","Website infopmb.itpln.ac.id"
"241001269","Guru / Sekolah"
"241001270","Jejaring Sosial"
"241001271","Guru / Sekolah"
"241001272","Media Elektronik (Televisi, Radio)"
"241001275","Media Promosi Cetak (Poster, Flyer, Brosur)"
"241001276","Website infopmb.itpln.ac.id"
"241001278","Teman "
"241001279","Jejaring Sosial"
"241001283","Forum Diskusi Online"
"241001285","Guru / Sekolah"
"241001286","Website Lain"
"241001287","Teman "
"241001287","Jejaring Sosial"
"241001289","Media Promosi Cetak (Poster, Flyer, Brosur)"
"241001291","Teman "
"241001291","Jejaring Sosial"
"241001291","Website infopmb.itpln.ac.id"
"241001293","Jejaring Sosial"
"241001295","Teman "
"241001296","Media Promosi Cetak (Poster, Flyer, Brosur)"
"241001297","Website infopmb.itpln.ac.id"
"241001301","Teman "
"241001301","Website Lain"
"241001301","Jejaring Sosial"
"241001303","Jejaring Sosial"
"241001303","Website infopmb.itpln.ac.id"
"241001304","Jejaring Sosial"
"241001310","Guru / Sekolah"
"241001311","Jejaring Sosial"
"241001312","Jejaring Sosial"
"241001313","Website infopmb.itpln.ac.id"
"241001315","Media Elektronik (Televisi, Radio)"
"241001318","Teman "
"241001322","Teman "
"241001323","Media Promosi Cetak (Poster, Flyer, Brosur)"
"241001327","Jejaring Sosial"
"241001327","Teman "
"241001327","Guru / Sekolah"
"241001329","Jejaring Sosial"
"241001329","Website infopmb.itpln.ac.id"
"241001329","Teman "
"241001330","Website infopmb.itpln.ac.id"
"241001330","Guru / Sekolah"
"241001331","Guru / Sekolah"
"241001331","Jejaring Sosial"
"241001331","Website Lain"
"241001332","Website infopmb.itpln.ac.id"
"241001333","Guru / Sekolah"
"241001333","Website infopmb.itpln.ac.id"
"241001334","Guru / Sekolah"
"241001335","Guru / Sekolah"
"241001339","Teman "
"241001340","Jejaring Sosial"
"241001340","Website infopmb.itpln.ac.id"
"241001340","Teman "
"241001341","Website infopmb.itpln.ac.id"
"241001348","Forum Diskusi Online"
"241001349","Guru / Sekolah"
"241001349","Website infopmb.itpln.ac.id"
"241001350","Website infopmb.itpln.ac.id"
"241001351","Jejaring Sosial"
"241001352","Media Cetak (Surat Kabar, Koran, Majalah)"
"241001354","Spanduk"
"241001355","Media Promosi Cetak (Poster, Flyer, Brosur)"
"241001357","Jejaring Sosial"
"241001360","Website infopmb.itpln.ac.id"
"241001361","Jejaring Sosial"
"241001362","Media Cetak (Surat Kabar, Koran, Majalah)"
"241001362","Media Promosi Cetak (Poster, Flyer, Brosur)"
"241001363","Media Cetak (Surat Kabar, Koran, Majalah)"
"241001365","Media Promosi Cetak (Poster, Flyer, Brosur)"
"241001376","Jejaring Sosial"
"241001376","Website Lain"
"241001377","Guru / Sekolah"
"241001378","Website infopmb.itpln.ac.id"
"241001380","Website infopmb.itpln.ac.id"
"241001381","Jejaring Sosial"
"241001381","Website Lain"
"241001381","Website infopmb.itpln.ac.id"
"241001382","Forum Diskusi Online"
"241001382","Teman "
"241001383","Teman "
"241001383","Website infopmb.itpln.ac.id"
"241001384","Website infopmb.itpln.ac.id"
"241001386","Guru / Sekolah"
"241001388","Jejaring Sosial"
"241001388","Teman "
"241001389","Jejaring Sosial"
"241001389","Website infopmb.itpln.ac.id"
"241001392","Forum Diskusi Online"
"241001393","Website infopmb.itpln.ac.id"
"241001395","Website infopmb.itpln.ac.id"
"241001395","Jejaring Sosial"
"241001396","Jejaring Sosial"
"241001396","Website infopmb.itpln.ac.id"
"241001396","Media Promosi Cetak (Poster, Flyer, Brosur)"
"241001397","Website infopmb.itpln.ac.id"
"241001399","Website infopmb.itpln.ac.id"
"241001404","Jejaring Sosial"
"241001406","Website infopmb.itpln.ac.id"
"241001408","Website infopmb.itpln.ac.id"
"241001410","Website Lain"
"241001412","Jejaring Sosial"
"241001413","Teman "
"241001414","Website infopmb.itpln.ac.id"
"241001417","Teman "
"241001418","Jejaring Sosial"
"241001419","Jejaring Sosial"
"241001419","Website infopmb.itpln.ac.id"
"241001420","Website infopmb.itpln.ac.id"
"241001422","Website infopmb.itpln.ac.id"
"241001424","Media Elektronik (Televisi, Radio)"
"241001425","Guru / Sekolah"
"241001425","Teman "
"241001427","Teman "
"241001428","Teman "
"241001429","Email / SMS Broadcast"
"241001430","Teman "
"241001431","Jejaring Sosial"
"241001432","Website infopmb.itpln.ac.id"
"241001436","Website infopmb.itpln.ac.id"
"241001437","Jejaring Sosial"
"241001438","Website infopmb.itpln.ac.id"
"241001439","Jejaring Sosial"
"241001440","Website infopmb.itpln.ac.id"
"241001442","Jejaring Sosial"
"241001446","Website infopmb.itpln.ac.id"
"241001447","Website infopmb.itpln.ac.id"
"241001448","Teman "
"241001451","Teman "
"241001452","Website infopmb.itpln.ac.id"
"241001453","Teman "
"241001454","Guru / Sekolah"
"241001457","Guru / Sekolah"
"241001458","Website Lain"
"241001460","Jejaring Sosial"
"241001462","Guru / Sekolah"
"241001464","Website infopmb.itpln.ac.id"
"241001465","Teman "
"241001467","Teman "
"241001472","Website infopmb.itpln.ac.id"
"241001472","Email / SMS Broadcast"
"241001474","Website infopmb.itpln.ac.id"
"241001476","Jejaring Sosial"
"241001476","Teman "
"241001477","Guru / Sekolah"
"241001477","Teman "
"241001480","Jejaring Sosial"
"241001481","Website infopmb.itpln.ac.id"
"241001481","Guru / Sekolah"
"241001481","Teman "
"241001481","Jejaring Sosial"
"241001482","Guru / Sekolah"
"241001483","Website infopmb.itpln.ac.id"
"241001483","Guru / Sekolah"
"241001487","Jejaring Sosial"
"241001489","Media Promosi Cetak (Poster, Flyer, Brosur)"
"241001490","Media Promosi Cetak (Poster, Flyer, Brosur)"
"241001491","Teman "
"241001493","Website infopmb.itpln.ac.id"
"241001494","Website infopmb.itpln.ac.id"
"241001494","Media Cetak (Surat Kabar, Koran, Majalah)"
"241001495","Guru / Sekolah"
"241001495","Teman "
"241001495","Jejaring Sosial"
"241001496","Teman "
"241001502","Website infopmb.itpln.ac.id"
"241001502","Media Promosi Cetak (Poster, Flyer, Brosur)"
"241001502","Media Cetak (Surat Kabar, Koran, Majalah)"
"241001502","Website Lain"
"241001503","Website infopmb.itpln.ac.id"
"241001504","Website infopmb.itpln.ac.id"
"241001505","Media Promosi Cetak (Poster, Flyer, Brosur)"
"241001506","Jejaring Sosial"
"241001507","Website infopmb.itpln.ac.id"
"241001507","Forum Diskusi Online"
"241001507","Jejaring Sosial"
"241001508","Media Elektronik (Televisi, Radio)"
"241001508","Guru / Sekolah"
"241001509","Teman "
"241001509","Website Lain"
"241001510","Guru / Sekolah"
"241001513","Media Promosi Cetak (Poster, Flyer, Brosur)"
"241001514","Jejaring Sosial"
"241001514","Website infopmb.itpln.ac.id"
"241001519","Teman "
"241001519","Jejaring Sosial"
"241001519","Website infopmb.itpln.ac.id"
"241001520","Jejaring Sosial"
"241001520","Website infopmb.itpln.ac.id"
"241001520","Website Lain"
"241001522","Teman "
"241001522","Jejaring Sosial"
"241001525","Website infopmb.itpln.ac.id"
"241001525","Jejaring Sosial"
"241001528","Website Lain"
"241001530","Jejaring Sosial"
"241001530","Website infopmb.itpln.ac.id"
"241001531","Jejaring Sosial"
"241001533","Media Elektronik (Televisi, Radio)"
"241001533","Email / SMS Broadcast"
"241001536","Teman "
"241001539","Website infopmb.itpln.ac.id"
"241001539","Jejaring Sosial"
"241001540","Teman "
"241001540","Jejaring Sosial"
"241001540","Website Lain"
"241001541","Teman "
"241001541","Guru / Sekolah"
"241001543","Jejaring Sosial"
"241001545","Media Promosi Cetak (Poster, Flyer, Brosur)"
"241001546","Jejaring Sosial"
"241001546","Website infopmb.itpln.ac.id"
"241001548","Guru / Sekolah"
"241001549","Website infopmb.itpln.ac.id"
"241001550","Website infopmb.itpln.ac.id"
"241001551","Teman "
"241001552","Jejaring Sosial"
"241001555","Media Promosi Cetak (Poster, Flyer, Brosur)"
"241001555","Website infopmb.itpln.ac.id"
"241001555","Teman "
"241001556","Website infopmb.itpln.ac.id"
"241001557","Teman "
"241001558","Media Promosi Cetak (Poster, Flyer, Brosur)"
"241001559","Website infopmb.itpln.ac.id"
"241001560","Teman "
"241001561","Website infopmb.itpln.ac.id"
"241001563","Teman "
"241001564","Teman "
"241001566","Guru / Sekolah"
"241001567","Guru / Sekolah"
"241001568","Website infopmb.itpln.ac.id"
"241001569","Media Promosi Cetak (Poster, Flyer, Brosur)"
"241001569","Website infopmb.itpln.ac.id"
"241001571","Website infopmb.itpln.ac.id"
"241001571","Teman "
"241001572","Guru / Sekolah"
"241001573","Website infopmb.itpln.ac.id"
"241001573","Teman "
"241001573","Media Elektronik (Televisi, Radio)"
"241001577","Jejaring Sosial"
"241001578","Website infopmb.itpln.ac.id"
"241001584","Guru / Sekolah"
"241001586","Jejaring Sosial"
"241001587","Website Lain"
"241001588","Media Promosi Cetak (Poster, Flyer, Brosur)"
"241001588","Teman "
"241001589","Website Lain"
"241001590","Teman "
"241001592","Website infopmb.itpln.ac.id"
"241001593","Jejaring Sosial"
"241001593","Guru / Sekolah"
"241001593","Forum Diskusi Online"
"241001594","Teman "
"241001600","Teman "
"241001602","Website infopmb.itpln.ac.id"
"241001603","Website infopmb.itpln.ac.id"
"241001603","Teman "
"241001606","Website infopmb.itpln.ac.id"
"241001607","Website infopmb.itpln.ac.id"
"241001608","Jejaring Sosial"
"241001610","Guru / Sekolah"
"241001613","Jejaring Sosial"
"241001613","Website infopmb.itpln.ac.id"
"241001615","Website infopmb.itpln.ac.id"
"241001616","Media Cetak (Surat Kabar, Koran, Majalah)"
"241001617","Website infopmb.itpln.ac.id"
"241001618","Teman "
"241001618","Guru / Sekolah"
"241001621","Website infopmb.itpln.ac.id"
"241001622","Website infopmb.itpln.ac.id"
"241001622","Guru / Sekolah"
"241001623","Jejaring Sosial"
"241001623","Teman "
"241001624","Jejaring Sosial"
"241001625","Teman "
"241001628","Website infopmb.itpln.ac.id"
"241001630","Website infopmb.itpln.ac.id"
"241001631","Forum Diskusi Online"
"241001632","Jejaring Sosial"
"241001632","Media Promosi Cetak (Poster, Flyer, Brosur)"
"241001632","Website infopmb.itpln.ac.id"
"241001634","Website infopmb.itpln.ac.id"
"241001635","Guru / Sekolah"
"241001635","Teman "
"241001635","Website infopmb.itpln.ac.id"
"241001636","Website infopmb.itpln.ac.id"
"241001641","Media Promosi Cetak (Poster, Flyer, Brosur)"
"241001644","Media Elektronik (Televisi, Radio)"
"241001644","Jejaring Sosial"
"241001645","Guru / Sekolah"
"241001651","Guru / Sekolah"
"241001652","Website infopmb.itpln.ac.id"
"241001653","Guru / Sekolah"
"241001654","Website infopmb.itpln.ac.id"
"241001661","Media Promosi Cetak (Poster, Flyer, Brosur)"
"241001664","Teman "
"241001664","Guru / Sekolah"
"241001668","HIMDA"
"241001668","Jejaring Sosial"
"241001669","Website infopmb.itpln.ac.id"
"241001671","Teman "
"241001672","Teman "
"241001674","Website infopmb.itpln.ac.id"
"241001675","Website infopmb.itpln.ac.id"
"241001675","Jejaring Sosial"
"241001675","Website Lain"
"241001679","Teman "
"241001683","Media Promosi Cetak (Poster, Flyer, Brosur)"
"241001684","Teman "
"241001686","Guru / Sekolah"
"241001686","Website Lain"
"241001690","Guru / Sekolah"
"241001694","Website infopmb.itpln.ac.id"
"241001696","Jejaring Sosial"
"241001696","Teman "
"241001697","Forum Diskusi Online"
"241001697","Website infopmb.itpln.ac.id"
"241001697","Jejaring Sosial"
"241001698","Jejaring Sosial"
"241001706","Teman "
"241001707","Teman "
"241001710","Media Promosi Cetak (Poster, Flyer, Brosur)"
"241001711","Media Promosi Cetak (Poster, Flyer, Brosur)"
"241001713","Guru / Sekolah"
"241001715","Jejaring Sosial"
"241001717","Jejaring Sosial"
"241001717","Guru / Sekolah"
"241001717","Teman "
"241001718","Forum Diskusi Online"
"241001720","Website infopmb.itpln.ac.id"
"241001721","Jejaring Sosial"
"241001722","Jejaring Sosial"
"241001722","Teman "
"241001723","Website infopmb.itpln.ac.id"
"241001725","Teman "
"241001727","Teman "
"241001728","Media Elektronik (Televisi, Radio)"
"241001729","Guru / Sekolah"
"241001733","Jejaring Sosial"
"241001736","Teman "
"241001736","Guru / Sekolah"
"241001737","Forum Diskusi Online"
"241001737","Website infopmb.itpln.ac.id"
"241001737","Jejaring Sosial"
"241001737","Teman "
"241001737","Guru / Sekolah"
"241001739","Guru / Sekolah"
"241001741","Website infopmb.itpln.ac.id"
"241001741","Teman "
"241001741","Jejaring Sosial"
"241001742","Teman "
"241001745","Website infopmb.itpln.ac.id"
"241001749","Website infopmb.itpln.ac.id"
"241001757","Teman "
"241001761","Guru / Sekolah"
"241001762","Website infopmb.itpln.ac.id"
"241001763","Website infopmb.itpln.ac.id"
"241001763","Jejaring Sosial"
"241001766","Media Elektronik (Televisi, Radio)"
"241001767","Teman "
"241001770","Jejaring Sosial"
"241001770","Website infopmb.itpln.ac.id"
"241001771","Guru / Sekolah"
"241001772","Teman "
"241001773","Website infopmb.itpln.ac.id"
"241001774","Teman "
"241001776","Teman "
"241001776","Website Lain"
"241001776","Website infopmb.itpln.ac.id"
"241001776","Jejaring Sosial"
"241001776","Spanduk"
"241001776","Guru / Sekolah"
"241001778","Website infopmb.itpln.ac.id"
"241001780","Media Cetak (Surat Kabar, Koran, Majalah)"
"241001781","Website infopmb.itpln.ac.id"
"241001784","Guru / Sekolah"
"241001785","Teman "
"241001786","Forum Diskusi Online"
"241001786","Media Cetak (Surat Kabar, Koran, Majalah)"
"241001786","Teman "
"241001787","Website infopmb.itpln.ac.id"
"241001788","Guru / Sekolah"
"241001789","Guru / Sekolah"
"241001792","Website infopmb.itpln.ac.id"
"241001795","Jejaring Sosial"
"241001795","Guru / Sekolah"
"241001796","Guru / Sekolah"
"241001796","Media Cetak (Surat Kabar, Koran, Majalah)"
"241001797","Guru / Sekolah"
"241001799","Website infopmb.itpln.ac.id"
"241001800","Website infopmb.itpln.ac.id"
"241001802","Teman "
"241001805","Guru / Sekolah"
"241001806","Website infopmb.itpln.ac.id"
"241001810","Teman "
"241001811","Website infopmb.itpln.ac.id"
"241001815","Media Promosi Cetak (Poster, Flyer, Brosur)"
"241001815","Guru / Sekolah"
"241001815","Jejaring Sosial"
"241001816","Guru / Sekolah"
"241001818","Website infopmb.itpln.ac.id"
"241001819","Spanduk"
"241001822","Teman "
"241001823","Forum Diskusi Online"
"241001824","Website infopmb.itpln.ac.id"
"241001826","Guru / Sekolah"
"241001827","Website infopmb.itpln.ac.id"
"241001830","Guru / Sekolah"
"241001831","Guru / Sekolah"
"241001831","Website infopmb.itpln.ac.id"
"241001831","Teman "
"241001831","Jejaring Sosial"
"241001834","Website Lain"
"241001835","Teman "
"241001837","Jejaring Sosial"
"241001838","Website infopmb.itpln.ac.id"
"241001839","Jejaring Sosial"
"241001839","Website infopmb.itpln.ac.id"
"241001841","Website infopmb.itpln.ac.id"
"241001842","Guru / Sekolah"
"241001843","Website infopmb.itpln.ac.id"
"241001844","Jejaring Sosial"
"241001844","Guru / Sekolah"
"241001845","Media Promosi Cetak (Poster, Flyer, Brosur)"
"241001846","Website infopmb.itpln.ac.id"
"241001846","Website Lain"
"241001848","Website infopmb.itpln.ac.id"
"241001849","Website infopmb.itpln.ac.id"
"241001854","Guru / Sekolah"
"241001854","Teman "
"241001854","Forum Diskusi Online"
"241001861","Website infopmb.itpln.ac.id"
"241001863","Website infopmb.itpln.ac.id"
"241001863","Media Cetak (Surat Kabar, Koran, Majalah)"
"241001867","Guru / Sekolah"
"241001869","Email / SMS Broadcast"
"241001869","Media Promosi Cetak (Poster, Flyer, Brosur)"
"241001870","Guru / Sekolah"
"241001873","Website infopmb.itpln.ac.id"
"241001874","Website infopmb.itpln.ac.id"
"241001877","Jejaring Sosial"
"241001878","Website infopmb.itpln.ac.id"
"241001881","Website infopmb.itpln.ac.id"
"241001882","Jejaring Sosial"
"241001883","Teman "
"241001890","Website infopmb.itpln.ac.id"
"241001891","Email / SMS Broadcast"
"241001891","Media Promosi Cetak (Poster, Flyer, Brosur)"
"241001894","Website infopmb.itpln.ac.id"
"241001898","Website infopmb.itpln.ac.id"
"241001900","Jejaring Sosial"
"241001903","Website infopmb.itpln.ac.id"
"241001904","Teman "
"241001906","Jejaring Sosial"
"241001907","Jejaring Sosial"
"241001908","Teman "
"241001909","Jejaring Sosial"
"241001909","Website infopmb.itpln.ac.id"
"241001912","Media Promosi Cetak (Poster, Flyer, Brosur)"
"241001912","Media Cetak (Surat Kabar, Koran, Majalah)"
"241001912","Website infopmb.itpln.ac.id"
"241001914","Guru / Sekolah"
"241001916","Teman "
"241001916","Forum Diskusi Online"
"241001916","Website infopmb.itpln.ac.id"
"241001917","Jejaring Sosial"
"241001917","Forum Diskusi Online"
"241001917","Guru / Sekolah"
"241001917","Website infopmb.itpln.ac.id"
"241001918","Guru / Sekolah"
"241001922","Website infopmb.itpln.ac.id"
"241001922","Jejaring Sosial"
"241001922","Media Cetak (Surat Kabar, Koran, Majalah)"
"241001922","Teman "
"241001923","Jejaring Sosial"
"241001923","Media Elektronik (Televisi, Radio)"
"241001925","Website infopmb.itpln.ac.id"
"241001926","Guru / Sekolah"
"241001928","Website infopmb.itpln.ac.id"
"241001932","Media Promosi Cetak (Poster, Flyer, Brosur)"
"241001932","Website infopmb.itpln.ac.id"
"241001933","Website Lain"
"241001934","Website infopmb.itpln.ac.id"
"241001935","Jejaring Sosial"
"241001936","Teman "
"241001941","Website infopmb.itpln.ac.id"
"241001943","Spanduk"
"241001943","Guru / Sekolah"
"241001944","Guru / Sekolah"
"241001946","Guru / Sekolah"
"241001949","Teman "
"241001951","Media Promosi Cetak (Poster, Flyer, Brosur)"
"241001951","Teman "
"241001951","Website infopmb.itpln.ac.id"
"241001952","Media Promosi Cetak (Poster, Flyer, Brosur)"
"241001952","Teman "
"241001952","Website infopmb.itpln.ac.id"
"241001956","Teman "
"241001956","Website infopmb.itpln.ac.id"
"241001956","Guru / Sekolah"
"241001956","Jejaring Sosial"
"241001961","Website infopmb.itpln.ac.id"
"241001961","Media Elektronik (Televisi, Radio)"
"241001962","Jejaring Sosial"
"241001964","Website infopmb.itpln.ac.id"
"241001968","Teman "
"241001970","Teman "
"241001971","Teman "
"241001974","Guru / Sekolah"
"241001982","Jejaring Sosial"
"241001982","Teman "
"241001983","Website infopmb.itpln.ac.id"
"241001984","Jejaring Sosial"
"241001984","Website infopmb.itpln.ac.id"
"241001985","Website infopmb.itpln.ac.id"
"241001985","Guru / Sekolah"
"241001986","Media Elektronik (Televisi, Radio)"
"241001986","Teman "
"241001986","Spanduk"
"241001986","Jejaring Sosial"
"241001988","Jejaring Sosial"
"241001988","Media Promosi Cetak (Poster, Flyer, Brosur)"
"241001988","Guru / Sekolah"
"241001988","Media Cetak (Surat Kabar, Koran, Majalah)"
"241001988","Website Lain"
"241001988","Website infopmb.itpln.ac.id"
"241001990","Jejaring Sosial"
"241001991","Teman "
"241001995","Website infopmb.itpln.ac.id"
"241001995","Jejaring Sosial"
"241001995","Media Promosi Cetak (Poster, Flyer, Brosur)"
"241001995","Teman "
"241001996","Teman "
"241001997","Website infopmb.itpln.ac.id"
"241001997","Guru / Sekolah"
"241001999","Media Promosi Cetak (Poster, Flyer, Brosur)"
"241002000","Teman "
"241002001","Guru / Sekolah"
"241002003","Jejaring Sosial"
"241002004","Guru / Sekolah"
"241002006","Teman "
"241002007","Jejaring Sosial"
"241002009","Jejaring Sosial"
"241002009","Website infopmb.itpln.ac.id"
"241002010","Jejaring Sosial"
"241002010","Media Elektronik (Televisi, Radio)"
"241002010","Website Lain"
"241002011","Website Lain"
"241002012","Website infopmb.itpln.ac.id"
"241002013","Website infopmb.itpln.ac.id"
"241002013","Jejaring Sosial"
"241002015","Website infopmb.itpln.ac.id"
"241002015","Website Lain"
"241002016","Jejaring Sosial"
"241002017","Guru / Sekolah"
"241002018","Website Lain"
"241002018","Website infopmb.itpln.ac.id"
"241002019","Media Cetak (Surat Kabar, Koran, Majalah)"
"241002020","Guru / Sekolah"
"241002023","Teman "
"241002024","Guru / Sekolah"
"241002026","Media Cetak (Surat Kabar, Koran, Majalah)"
"241002027","Spanduk"
"241002030","Media Promosi Cetak (Poster, Flyer, Brosur)"
"241002032","Media Elektronik (Televisi, Radio)"
"241002032","Website Lain"
"241002033","Website infopmb.itpln.ac.id"
"241002033","Guru / Sekolah"
"241002033","Teman "
"241002034","Jejaring Sosial"
"241002035","Website infopmb.itpln.ac.id"
"241002036","Jejaring Sosial"
"241002036","Media Elektronik (Televisi, Radio)"
"241002036","Guru / Sekolah"
"241002037","Jejaring Sosial"
"241002039","Media Promosi Cetak (Poster, Flyer, Brosur)"
"241002040","Website infopmb.itpln.ac.id"
"241002040","Jejaring Sosial"
"241002040","Teman "
"241002040","Website Lain"
"241002042","Media Promosi Cetak (Poster, Flyer, Brosur)"
"241002044","Website infopmb.itpln.ac.id"
"241002046","Jejaring Sosial"
"241002047","Guru / Sekolah"
"241002047","Jejaring Sosial"
"241002048","Guru / Sekolah"
"241002048","Jejaring Sosial"
"241002048","Teman "
"241002049","Media Promosi Cetak (Poster, Flyer, Brosur)"
"241002050","Media Elektronik (Televisi, Radio)"
"241002050","Teman "
"241002051","Website infopmb.itpln.ac.id"
"241002053","Jejaring Sosial"
"241002055","Jejaring Sosial"
"241002056","Media Promosi Cetak (Poster, Flyer, Brosur)"
"241002057","Forum Diskusi Online"
"241002057","Website infopmb.itpln.ac.id"
"241002057","Guru / Sekolah"
"241002057","Teman "
"241002058","Website infopmb.itpln.ac.id"
"241002060","Jejaring Sosial"
"241002064","Website infopmb.itpln.ac.id"
"241002064","Media Promosi Cetak (Poster, Flyer, Brosur)"
"241002067","Jejaring Sosial"
"241002068","Teman "
"241002069","Website infopmb.itpln.ac.id"
"241002070","Jejaring Sosial"
"241002070","Media Elektronik (Televisi, Radio)"
"241002071","Teman "
"241002072","Guru / Sekolah"
"241002074","Jejaring Sosial"
"241002076","Teman "
"241002076","Jejaring Sosial"
"241002076","Website infopmb.itpln.ac.id"
"241002077","Teman "
"241002081","Website infopmb.itpln.ac.id"
"241002081","Jejaring Sosial"
"241002081","Teman "
"241002082","Jejaring Sosial"
"241002082","Forum Diskusi Online"
"241002083","Jejaring Sosial"
"241002084","Website infopmb.itpln.ac.id"
"241002085","Website infopmb.itpln.ac.id"
"241002087","Website infopmb.itpln.ac.id"
"241002089","Jejaring Sosial"
"241002091","Teman "
"241002092","Website infopmb.itpln.ac.id"
"241002093","Jejaring Sosial"
"241002093","Media Promosi Cetak (Poster, Flyer, Brosur)"
"241002095","Website infopmb.itpln.ac.id"
"241002096","Website infopmb.itpln.ac.id"
"241002096","Teman "
"241002096","Guru / Sekolah"
"241002096","Jejaring Sosial"
"241002097","Guru / Sekolah"
"241002099","Jejaring Sosial"
"241002101","Website infopmb.itpln.ac.id"
"241002105","Media Elektronik (Televisi, Radio)"
"241002107","Website infopmb.itpln.ac.id"
"241002108","Guru / Sekolah"
"241002109","Media Promosi Cetak (Poster, Flyer, Brosur)"
"241002109","Website infopmb.itpln.ac.id"
"241002109","Jejaring Sosial"
"241002114","Website Lain"
"241002117","Website infopmb.itpln.ac.id"
"241002119","Website infopmb.itpln.ac.id"
"241002120","Website Lain"
"241002121","Website infopmb.itpln.ac.id"
"241002122","Website infopmb.itpln.ac.id"
"241002122","Email / SMS Broadcast"
"241002122","Forum Diskusi Online"
"241002122","Media Promosi Cetak (Poster, Flyer, Brosur)"
"241002123","Website infopmb.itpln.ac.id"
"241002125","Guru / Sekolah"
"241002126","Guru / Sekolah"
"241002129","Website infopmb.itpln.ac.id"
"241002130","Email / SMS Broadcast"
"241002130","Website infopmb.itpln.ac.id"
"241002130","Website Lain"
"241002131","Guru / Sekolah"
"241002132","Jejaring Sosial"
"241002132","Website infopmb.itpln.ac.id"
"241002132","Guru / Sekolah"
"241002133","Website infopmb.itpln.ac.id"
"241002133","Jejaring Sosial"
"241002135","Website infopmb.itpln.ac.id"
"241002136","Website infopmb.itpln.ac.id"
"241002137","Teman "
"241002138","Jejaring Sosial"
"241002140","Website infopmb.itpln.ac.id"
"241002141","Guru / Sekolah"
"241002143","Website infopmb.itpln.ac.id"
"241002145","Website infopmb.itpln.ac.id"
"241002146","Teman "
"241002149","Jejaring Sosial"
"241002150","Website infopmb.itpln.ac.id"
"241002151","Media Promosi Cetak (Poster, Flyer, Brosur)"
"241002151","Teman "
"241002152","Website infopmb.itpln.ac.id"
"241002152","Jejaring Sosial"
"241002155","Website Lain"
"241002155","Website infopmb.itpln.ac.id"
"241002156","Media Cetak (Surat Kabar, Koran, Majalah)"
"241002157","Jejaring Sosial"
"241002158","Website infopmb.itpln.ac.id"
"241002159","Website infopmb.itpln.ac.id"
"241002160","Media Promosi Cetak (Poster, Flyer, Brosur)"
"241002161","Guru / Sekolah"
"241002161","Website infopmb.itpln.ac.id"
"241002162","Jejaring Sosial"
"241002162","Guru / Sekolah"
"241002163","Website infopmb.itpln.ac.id"
"241002163","Media Cetak (Surat Kabar, Koran, Majalah)"
"241002163","Media Promosi Cetak (Poster, Flyer, Brosur)"
"241002163","Guru / Sekolah"
"241002164","Website infopmb.itpln.ac.id"
"241002166","Jejaring Sosial"
"241002167","Website infopmb.itpln.ac.id"
"241002167","Website Lain"
"241002168","Jejaring Sosial"
"241002169","Jejaring Sosial"
"241002171","Guru / Sekolah"
"241002172","Website infopmb.itpln.ac.id"
"241002174","Media Promosi Cetak (Poster, Flyer, Brosur)"
"241002175","Website Lain"
"241002175","Jejaring Sosial"
"241002175","Website infopmb.itpln.ac.id"
"241002176","Jejaring Sosial"
"241002176","Website infopmb.itpln.ac.id"
"241002177","Website infopmb.itpln.ac.id"
"241002178","Website infopmb.itpln.ac.id"
"241002179","Teman "
"241002180","Guru / Sekolah"
"241002184","Guru / Sekolah"
"241002186","Jejaring Sosial"
"241002190","Website infopmb.itpln.ac.id"
"241002191","Guru / Sekolah"
"241002191","Website infopmb.itpln.ac.id"
"241002192","Forum Diskusi Online"
"241002192","Guru / Sekolah"
"241002192","Jejaring Sosial"
"241002192","Teman "
"241002192","Website infopmb.itpln.ac.id"
"241002195","Website infopmb.itpln.ac.id"
"241002195","Jejaring Sosial"
"241002196","Teman "
"241002196","Guru / Sekolah"
"241002199","Jejaring Sosial"
"241002199","Website Lain"
"241002200","Guru / Sekolah"
"241002203","Website infopmb.itpln.ac.id"
"241002203","Teman "
"241002205","Website infopmb.itpln.ac.id"
"241002211","Website infopmb.itpln.ac.id"
"241002212","Guru / Sekolah"
"241002212","Jejaring Sosial"
"241002212","Website infopmb.itpln.ac.id"
"241002213","Media Promosi Cetak (Poster, Flyer, Brosur)"
"241002214","Teman "
"241002214","Jejaring Sosial"
"241002215","Jejaring Sosial"
"241002215","Media Elektronik (Televisi, Radio)"
"241002217","Website infopmb.itpln.ac.id"
"241002217","Jejaring Sosial"
"241002219","Teman "
"241002220","Guru / Sekolah"
"241002221","Guru / Sekolah"
"241002225","Email / SMS Broadcast"
"241002225","Guru / Sekolah"
"241002225","Jejaring Sosial"
"241002225","Media Promosi Cetak (Poster, Flyer, Brosur)"
"241002227","Guru / Sekolah"
"241002229","Website infopmb.itpln.ac.id"
"241002235","Jejaring Sosial"
"241002236","Teman "
"241002237","Teman "
"241002239","Website infopmb.itpln.ac.id"
"241002240","Guru / Sekolah"
"241002241","Guru / Sekolah"
"241002245","Guru / Sekolah"
"241002248","Jejaring Sosial"
"241002249","Jejaring Sosial"
"241002249","Teman "
"241002251","Website infopmb.itpln.ac.id"
"241002251","Media Promosi Cetak (Poster, Flyer, Brosur)"
"241002252","Media Elektronik (Televisi, Radio)"
"241002255","Teman "
"241002258","Guru / Sekolah"
"241002260","Teman "
"241002261","Jejaring Sosial"
"241002261","Website infopmb.itpln.ac.id"
"241002261","Website Lain"
"241002262","Website Lain"
"241002263","Guru / Sekolah"
"241002264","Website infopmb.itpln.ac.id"
"241002265","Teman "
"241002265","Jejaring Sosial"
"241002266","Guru / Sekolah"
"241002269","Website infopmb.itpln.ac.id"
"241002270","Guru / Sekolah"
"241002271","Jejaring Sosial"
"241002273","Teman "
"241002278","Website infopmb.itpln.ac.id"
"241002278","Teman "
"241002278","Jejaring Sosial"
"241002282","Teman "
"241002282","Jejaring Sosial"
"241002282","Website infopmb.itpln.ac.id"
"241002284","Teman "
"241002286","Media Elektronik (Televisi, Radio)"
"241002293","Teman "
"241002293","Forum Diskusi Online"
"241002293","Guru / Sekolah"
"241002294","Guru / Sekolah"
"241002296","Jejaring Sosial"
"241002298","Website infopmb.itpln.ac.id"
"241002302","Website infopmb.itpln.ac.id"
"241002302","Jejaring Sosial"
"241002303","Jejaring Sosial"
"241002303","Website infopmb.itpln.ac.id"
"241002303","Forum Diskusi Online"
"241002303","Guru / Sekolah"
"241002305","Spanduk"
"241002306","Website infopmb.itpln.ac.id"
"241002306","Website Lain"
"241002306","Guru / Sekolah"
"241002306","Jejaring Sosial"
"241002308","Media Promosi Cetak (Poster, Flyer, Brosur)"
"241002309","Guru / Sekolah"
"241002310","Teman "
"241002311","Website infopmb.itpln.ac.id"
"241002311","Jejaring Sosial"
"241002311","Email / SMS Broadcast"
"241002311","Guru / Sekolah"
"241002311","Forum Diskusi Online"
"241002311","Teman "
"241002311","Media Elektronik (Televisi, Radio)"
"241002313","Jejaring Sosial"
"241002316","Website infopmb.itpln.ac.id"
"241002318","Jejaring Sosial"
"241002318","Website infopmb.itpln.ac.id"
"241002318","Media Cetak (Surat Kabar, Koran, Majalah)"
"241002319","Media Cetak (Surat Kabar, Koran, Majalah)"
"241002319","Jejaring Sosial"
"241002324","Website infopmb.itpln.ac.id"
"241002324","Jejaring Sosial"
"241002326","Guru / Sekolah"
"241002327","Forum Diskusi Online"
"241002327","Teman "
"241002327","Jejaring Sosial"
"241002329","Email / SMS Broadcast"
"241002330","Teman "
"241002331","Website infopmb.itpln.ac.id"
"241002332","Media Promosi Cetak (Poster, Flyer, Brosur)"
"241002336","Website infopmb.itpln.ac.id"
"241002338","Website Lain"
"241002338","Jejaring Sosial"
"241002339","Guru / Sekolah"
"241002339","Spanduk"
"241002339","Teman "
"241002341","Jejaring Sosial"
"241002341","Website infopmb.itpln.ac.id"
"241002341","Teman "
"241002341","Guru / Sekolah"
"241002342","Teman "
"241002343","Website infopmb.itpln.ac.id"
"241002344","Website infopmb.itpln.ac.id"
"241002347","Guru / Sekolah"
"241002351","Website infopmb.itpln.ac.id"
"241002352","Email / SMS Broadcast"
"241002352","Guru / Sekolah"
"241002356","Jejaring Sosial"
"241002357","Website infopmb.itpln.ac.id"
"241002357","Teman "
"241002358","Email / SMS Broadcast"
"241002360","Jejaring Sosial"
"241002362","Guru / Sekolah"
"241002367","Guru / Sekolah"
"241002368","Website infopmb.itpln.ac.id"
"241002369","Jejaring Sosial"
"241002372","Website Lain"
"241002372","Media Promosi Cetak (Poster, Flyer, Brosur)"
"241002374","Jejaring Sosial"
"241002375","Jejaring Sosial"
"241002377","Website infopmb.itpln.ac.id"
"241002377","Jejaring Sosial"
"241002378","Website infopmb.itpln.ac.id"
"241002380","Media Promosi Cetak (Poster, Flyer, Brosur)"
"241002381","Website infopmb.itpln.ac.id"
"241002382","Jejaring Sosial"
"241002382","Website infopmb.itpln.ac.id"
"241002384","Website infopmb.itpln.ac.id"
"241002384","Jejaring Sosial"
"241002386","Jejaring Sosial"
"241002387","Guru / Sekolah"
"241002390","Media Promosi Cetak (Poster, Flyer, Brosur)"
"241002390","Jejaring Sosial"
"241002390","Media Elektronik (Televisi, Radio)"
"241002392","Teman "
"241002394","Jejaring Sosial"
"241002397","Guru / Sekolah"
"241002398","Guru / Sekolah"
"241002399","Jejaring Sosial"
"241002399","Website Lain"
"241002399","Website infopmb.itpln.ac.id"
"241002400","Website Lain"
"241002401","Teman "
"241002407","Media Elektronik (Televisi, Radio)"
"241002408","Website infopmb.itpln.ac.id"
"241002409","Guru / Sekolah"
"241002411","Guru / Sekolah"
"241002414","Teman "
"241002415","Media Promosi Cetak (Poster, Flyer, Brosur)"
"241002417","Website Lain"
"241002418","Media Elektronik (Televisi, Radio)"
"241002418","Media Promosi Cetak (Poster, Flyer, Brosur)"
"241002418","Jejaring Sosial"
"241002420","Media Promosi Cetak (Poster, Flyer, Brosur)"
"241002420","Website infopmb.itpln.ac.id"
"241002423","Media Elektronik (Televisi, Radio)"
"241002426","Jejaring Sosial"
"241002431","Guru / Sekolah"
"241002432","Teman "
"241002433","Guru / Sekolah"
"241002436","Media Promosi Cetak (Poster, Flyer, Brosur)"
"241002436","Teman "
"241002437","Teman "
"241002439","Teman "
"241002440","Jejaring Sosial"
"241002443","Jejaring Sosial"
"241002443","Forum Diskusi Online"
"241002443","Media Elektronik (Televisi, Radio)"
"241002444","Jejaring Sosial"
"241002444","Website infopmb.itpln.ac.id"
"241002447","Guru / Sekolah"
"241002447","Website Lain"
"241002449","Teman "
"241002453","Jejaring Sosial"
"241002454","Jejaring Sosial"
"241002458","Teman "
"241002461","Jejaring Sosial"
"241002463","Website infopmb.itpln.ac.id"
"241002464","Media Promosi Cetak (Poster, Flyer, Brosur)"
"241002473","Website infopmb.itpln.ac.id"
"241002474","Teman "
"241002475","Teman "
"241002477","Guru / Sekolah"
"241002477","Website infopmb.itpln.ac.id"
"241002478","Media Elektronik (Televisi, Radio)"
"241002478","Jejaring Sosial"
"241002479","Guru / Sekolah"
"241002480","Guru / Sekolah"
"241002481","Website infopmb.itpln.ac.id"
"241002481","Guru / Sekolah"
"241002482","Website infopmb.itpln.ac.id"
"241002483","Forum Diskusi Online"
"241002484","Guru / Sekolah"
"241002485","Guru / Sekolah"
"241002486","Jejaring Sosial"
"241002488","Jejaring Sosial"
"241002488","Website infopmb.itpln.ac.id"
"241002490","Teman "
"241002491","Media Cetak (Surat Kabar, Koran, Majalah)"
"241002492","Guru / Sekolah"
"241002495","Jejaring Sosial"
"241002496","Website infopmb.itpln.ac.id"
"241002497","Jejaring Sosial"
"241002498","Teman "
"241002498","Guru / Sekolah"
"241002499","Website infopmb.itpln.ac.id"
"241002499","Jejaring Sosial"
"241002500","Teman "
"241002501","Teman "
"241002502","Website infopmb.itpln.ac.id"
"241002503","Email / SMS Broadcast"
"241002504","Forum Diskusi Online"
"241002504","Website Lain"
"241002504","Teman "
"241002505","Teman "
"241002505","Forum Diskusi Online"
"241002506","Teman "
"241002508","Guru / Sekolah"
"241002510","Website infopmb.itpln.ac.id"
"241002512","Website infopmb.itpln.ac.id"
"241002514","Guru / Sekolah"
"241002516","Media Promosi Cetak (Poster, Flyer, Brosur)"
"241002517","Website infopmb.itpln.ac.id"
"241002519","Jejaring Sosial"
"241002520","Website infopmb.itpln.ac.id"
"241002520","Media Promosi Cetak (Poster, Flyer, Brosur)"
"241002521","Website infopmb.itpln.ac.id"
"241002521","Jejaring Sosial"
"241002522","Website infopmb.itpln.ac.id"
"241002522","Guru / Sekolah"
"241002523","Teman "
"241002524","Jejaring Sosial"
"241002524","Website infopmb.itpln.ac.id"
"241002525","Guru / Sekolah"
"241002527","Teman "
"241002527","Jejaring Sosial"
"241002528","Forum Diskusi Online"
"241002528","Jejaring Sosial"
"241002528","Website infopmb.itpln.ac.id"
"241002529","Website infopmb.itpln.ac.id"
"241002530","Website infopmb.itpln.ac.id"
"241002531","Teman "
"241002531","Media Cetak (Surat Kabar, Koran, Majalah)"
"241002532","Guru / Sekolah"
"241002533","Media Elektronik (Televisi, Radio)"
"241002534","Website infopmb.itpln.ac.id"
"241002537","Guru / Sekolah"
"241002538","Guru / Sekolah"
"241002539","Website infopmb.itpln.ac.id"
"241002539","Media Promosi Cetak (Poster, Flyer, Brosur)"
"241002539","Jejaring Sosial"
"241002540","Guru / Sekolah"
"241002540","Website infopmb.itpln.ac.id"
"241002541","Teman "
"241002542","Website infopmb.itpln.ac.id"
"241002543","Jejaring Sosial"
"241002543","Website infopmb.itpln.ac.id"
"241002544","Guru / Sekolah"
"241002545","Teman "
"241002545","Media Promosi Cetak (Poster, Flyer, Brosur)"
"241002545","Website infopmb.itpln.ac.id"
"241002546","Guru / Sekolah"
"241002547","Guru / Sekolah"
"241002549","Website infopmb.itpln.ac.id"
"241002555","Website infopmb.itpln.ac.id"
"241002556","Jejaring Sosial"
"241002557","Website infopmb.itpln.ac.id"
"241002558","Teman "
"241002558","Guru / Sekolah"
"241002561","Jejaring Sosial"
"241002562","Media Cetak (Surat Kabar, Koran, Majalah)"
"241002563","Teman "
"241002563","Website infopmb.itpln.ac.id"
"241002563","Jejaring Sosial"
"241002565","Email / SMS Broadcast"
"241002566","Jejaring Sosial"
"241002567","Teman "
"241002570","Guru / Sekolah"
"241002573","Teman "
"241002573","Jejaring Sosial"
"241002574","Guru / Sekolah"
"241002574","Jejaring Sosial"
"241002577","Media Elektronik (Televisi, Radio)"
"241002578","Media Elektronik (Televisi, Radio)"
"241002579","Website infopmb.itpln.ac.id"
"241002580","Teman "
"241002581","Teman "
"241002582","Website infopmb.itpln.ac.id"
"241002583","Website infopmb.itpln.ac.id"
"241002584","Media Cetak (Surat Kabar, Koran, Majalah)"
"241002584","Jejaring Sosial"
"241002584","Website Lain"
"241002584","Media Promosi Cetak (Poster, Flyer, Brosur)"
"241002584","Website infopmb.itpln.ac.id"
"241002584","Forum Diskusi Online"
"241002586","Media Promosi Cetak (Poster, Flyer, Brosur)"
"241002586","Website infopmb.itpln.ac.id"
"241002589","Jejaring Sosial"
"241002589","Website infopmb.itpln.ac.id"
"241002590","Media Promosi Cetak (Poster, Flyer, Brosur)"
"241002590","Website infopmb.itpln.ac.id"
"241002591","Jejaring Sosial"
"241002592","Website infopmb.itpln.ac.id"
"241002593","Teman "
"241002594","Jejaring Sosial"
"241002595","Website infopmb.itpln.ac.id"
"241002595","Teman "
"241002600","Jejaring Sosial"
"241002601","Teman "
"241002602","Jejaring Sosial"
"241002602","Website infopmb.itpln.ac.id"
"241002603","Website infopmb.itpln.ac.id"
"241002605","Website infopmb.itpln.ac.id"
"241002606","Jejaring Sosial"
"241002607","Website infopmb.itpln.ac.id"
"241002608","Website infopmb.itpln.ac.id"
"241002609","Guru / Sekolah"
"241002610","Email / SMS Broadcast"
"241002611","Teman "
"241002612","Jejaring Sosial"
"241002614","Email / SMS Broadcast"
"241002617","Guru / Sekolah"
"241002617","Jejaring Sosial"
"241002618","Jejaring Sosial"
"241002618","Teman "
"241002619","Website infopmb.itpln.ac.id"
"241002619","Jejaring Sosial"
"241002620","Jejaring Sosial"
"241002622","Guru / Sekolah"
"241002623","Media Cetak (Surat Kabar, Koran, Majalah)"
"241002623","Media Promosi Cetak (Poster, Flyer, Brosur)"
"241002624","Website infopmb.itpln.ac.id"
"241002625","Website Lain"
"241002626","Website infopmb.itpln.ac.id"
"241002626","Jejaring Sosial"
"241002626","Media Promosi Cetak (Poster, Flyer, Brosur)"
"241002627","Website infopmb.itpln.ac.id"
"241002630","Guru / Sekolah"
"241002631","Website infopmb.itpln.ac.id"
"241002632","Teman "
"241002633","Website infopmb.itpln.ac.id"
"241002633","Jejaring Sosial"
"241002634","Email / SMS Broadcast"
"241002637","Jejaring Sosial"
"241002638","Teman "
"241002640","Teman "
"241002640","Website infopmb.itpln.ac.id"
"241002641","Jejaring Sosial"
"241002641","Forum Diskusi Online"
"241002641","Website infopmb.itpln.ac.id"
"241002643","Teman "
"241002644","Jejaring Sosial"
"241002645","Website infopmb.itpln.ac.id"
"241002646","Jejaring Sosial"
"241002648","Website infopmb.itpln.ac.id"
"241002649","Jejaring Sosial"
"241002651","Media Cetak (Surat Kabar, Koran, Majalah)"
"241002651","Media Elektronik (Televisi, Radio)"
"241002651","Jejaring Sosial"
"241002651","Guru / Sekolah"
"241002653","Jejaring Sosial"
"241002653","Website Lain"
"241002655","Guru / Sekolah"
"241002656","Jejaring Sosial"
"241002657","Media Promosi Cetak (Poster, Flyer, Brosur)"
"241002657","Jejaring Sosial"
"241002657","Spanduk"
"241002657","Website infopmb.itpln.ac.id"
"241002658","Media Promosi Cetak (Poster, Flyer, Brosur)"
"241002659","Media Promosi Cetak (Poster, Flyer, Brosur)"
"241002660","Teman "
"241002660","Media Promosi Cetak (Poster, Flyer, Brosur)"
"241002661","Guru / Sekolah"
"241002661","Website infopmb.itpln.ac.id"
"241002663","Website infopmb.itpln.ac.id"
"241002664","Teman "
"241002667","Website infopmb.itpln.ac.id"
"241002668","Website infopmb.itpln.ac.id"
"241002670","Guru / Sekolah"
"241002675","Website infopmb.itpln.ac.id"
"241002677","Teman "
"241002679","Teman "
"241002680","Media Elektronik (Televisi, Radio)"
"241002680","Website infopmb.itpln.ac.id"
"241002680","Guru / Sekolah"
"241002680","Media Cetak (Surat Kabar, Koran, Majalah)"
"241002681","Website infopmb.itpln.ac.id"
"241002683","Teman "
"241002683","Guru / Sekolah"
"241002684","Teman "
"241002684","Jejaring Sosial"
"241002686","Website infopmb.itpln.ac.id"
"241002686","Jejaring Sosial"
"241002687","Teman "
"241002688","Jejaring Sosial"
"241002689","Teman "
"241002689","Website infopmb.itpln.ac.id"
"241002689","Media Promosi Cetak (Poster, Flyer, Brosur)"
"241002689","Jejaring Sosial"
"241002689","Guru / Sekolah"
"241002690","Jejaring Sosial"
"241002691","Teman "
"241002691","Website infopmb.itpln.ac.id"
"241002695","Website infopmb.itpln.ac.id"
"241002696","Media Promosi Cetak (Poster, Flyer, Brosur)"
"241002696","Website infopmb.itpln.ac.id"
"241002698","Jejaring Sosial"
"241002699","Website Lain"
"241002700","Teman "
"241002700","Media Cetak (Surat Kabar, Koran, Majalah)"
"241002701","Website infopmb.itpln.ac.id"
"241002703","Guru / Sekolah"
"241002704","Media Promosi Cetak (Poster, Flyer, Brosur)"
"241002707","Jejaring Sosial"
"241002707","Media Cetak (Surat Kabar, Koran, Majalah)"
"241002709","Teman "
"241002709","Jejaring Sosial"
"241002712","Teman "
"241002712","Guru / Sekolah"
"241002712","Jejaring Sosial"
"241002712","Forum Diskusi Online"
"241002715","Media Elektronik (Televisi, Radio)"
"241002715","Media Promosi Cetak (Poster, Flyer, Brosur)"
"241002715","Jejaring Sosial"
"241002715","Forum Diskusi Online"
"241002719","Website infopmb.itpln.ac.id"
"241002719","Teman "
"241002719","Guru / Sekolah"
"241002720","Jejaring Sosial"
"241002721","Media Cetak (Surat Kabar, Koran, Majalah)"
"241002723","Media Elektronik (Televisi, Radio)"
"241002727","Media Promosi Cetak (Poster, Flyer, Brosur)"
"241002727","Website infopmb.itpln.ac.id"
"241002729","Website infopmb.itpln.ac.id"
"241002729","Jejaring Sosial"
"241002730","Website infopmb.itpln.ac.id"
"241002734","Jejaring Sosial"
"241002736","Guru / Sekolah"
"241002737","Guru / Sekolah"
"241002738","Teman "
"241002738","Website infopmb.itpln.ac.id"
"241002740","Jejaring Sosial"
"241002741","Website infopmb.itpln.ac.id"
"241002742","Website infopmb.itpln.ac.id"
"241002744","Jejaring Sosial"
"241002744","Website infopmb.itpln.ac.id"
"241002745","Jejaring Sosial"
"241002745","Media Elektronik (Televisi, Radio)"
"241002745","Teman "
"241002749","Website infopmb.itpln.ac.id"
"241002751","Teman "
"241002751","Website infopmb.itpln.ac.id"
"241002752","Teman "
"241002752","Website infopmb.itpln.ac.id"
"241002753","Jejaring Sosial"
"241002754","Jejaring Sosial"
"241002754","Media Promosi Cetak (Poster, Flyer, Brosur)"
"241002754","Website infopmb.itpln.ac.id"
"241002755","Guru / Sekolah"
"241002755","Jejaring Sosial"
"241002756","Jejaring Sosial"
"241002756","Teman "
"241002756","Website infopmb.itpln.ac.id"
"241002757","Jejaring Sosial"
"241002758","Teman "
"241002760","Jejaring Sosial"
"241002760","Website infopmb.itpln.ac.id"
"241002761","Teman "
"241002761","Website infopmb.itpln.ac.id"
"241002763","Website infopmb.itpln.ac.id"
"241002765","Website infopmb.itpln.ac.id"
"241002766","Jejaring Sosial"
"241002767","Media Cetak (Surat Kabar, Koran, Majalah)"
"241002769","Website infopmb.itpln.ac.id"
"241002769","Teman "
"241002769","Jejaring Sosial"
"241002771","Website infopmb.itpln.ac.id"
"241002772","Jejaring Sosial"
"241002774","Website infopmb.itpln.ac.id"
"241002775","Guru / Sekolah"
"241002777","Teman "
"241002778","Teman "
"241002780","Website infopmb.itpln.ac.id"
"241002783","Guru / Sekolah"
"241002786","Jejaring Sosial"
"241002786","Teman "
"241002786","Website Lain"
"241002786","Website infopmb.itpln.ac.id"
"241002787","Jejaring Sosial"
"241002789","Media Elektronik (Televisi, Radio)"
"241002790","Media Promosi Cetak (Poster, Flyer, Brosur)"
"241002791","Guru / Sekolah"
"241002791","Media Promosi Cetak (Poster, Flyer, Brosur)"
"241002791","Website infopmb.itpln.ac.id"
"241002794","Website infopmb.itpln.ac.id"
"241002794","Jejaring Sosial"
"241002794","Media Promosi Cetak (Poster, Flyer, Brosur)"
"241002795","Guru / Sekolah"
"241002803","Website infopmb.itpln.ac.id"
"241002807","Jejaring Sosial"
"241002808","Website Lain"
"241002808","Jejaring Sosial"
"241002809","Jejaring Sosial"
"241002810","Guru / Sekolah"
"241002811","Teman "
"241002814","Website infopmb.itpln.ac.id"
"241002816","Website infopmb.itpln.ac.id"
"241002817","Media Cetak (Surat Kabar, Koran, Majalah)"
"241002817","Website infopmb.itpln.ac.id"
"241002817","Media Elektronik (Televisi, Radio)"
"241002817","Jejaring Sosial"
"241002817","Teman "
"241002820","Jejaring Sosial"
"241002820","Website infopmb.itpln.ac.id"
"241002821","Media Promosi Cetak (Poster, Flyer, Brosur)"
"241002821","Jejaring Sosial"
"241002822","Jejaring Sosial"
"241002826","Guru / Sekolah"
"241002826","Website infopmb.itpln.ac.id"
"241002827","Website infopmb.itpln.ac.id"
"241002829","Website infopmb.itpln.ac.id"
"241002830","Jejaring Sosial"
"241002832","Website infopmb.itpln.ac.id"
"241002833","Jejaring Sosial"
"241002833","Teman "
"241002836","Jejaring Sosial"
"241002836","Website Lain"
"241002836","Website infopmb.itpln.ac.id"
"241002838","Jejaring Sosial"
"241002839","Jejaring Sosial"
"241002840","Website infopmb.itpln.ac.id"
"241002841","Teman "
"241002842","Media Cetak (Surat Kabar, Koran, Majalah)"
"241002842","Media Promosi Cetak (Poster, Flyer, Brosur)"
"241002845","Guru / Sekolah"
"241002847","Guru / Sekolah"
"241002849","Website infopmb.itpln.ac.id"
"241002850","Website infopmb.itpln.ac.id"
"241002852","Guru / Sekolah"
"241002860","Media Promosi Cetak (Poster, Flyer, Brosur)"
"241002861","Jejaring Sosial"
"241002862","Teman "
"241002864","Website infopmb.itpln.ac.id"
"241002865","Guru / Sekolah"
"241002868","Teman "
"241002872","Website infopmb.itpln.ac.id"
"241002872","Jejaring Sosial"
"241002874","Jejaring Sosial"
"241002876","Website infopmb.itpln.ac.id"
"241002876","Website Lain"
"241002877","Website infopmb.itpln.ac.id"
"241002878","Website infopmb.itpln.ac.id"
"241002878","Website Lain"
"241002878","Teman "
"241002878","Jejaring Sosial"
"241002879","Jejaring Sosial"
"241002882","Teman "
"241002883","Website infopmb.itpln.ac.id"
"241002883","Teman "
"241002883","Jejaring Sosial"
"241002885","Jejaring Sosial"
"241002885","Website infopmb.itpln.ac.id"
"241002890","Teman "
"241002891","Media Cetak (Surat Kabar, Koran, Majalah)"
"241002892","Teman "
"241002892","Jejaring Sosial"
"241002893","Media Cetak (Surat Kabar, Koran, Majalah)"
"241002896","Teman "
"241002898","Teman "
"241002899","Website Lain"
"241002900","Guru / Sekolah"
"241002901","Media Promosi Cetak (Poster, Flyer, Brosur)"
"241002904","Website infopmb.itpln.ac.id"
"241002905","Teman "
"241002906","Jejaring Sosial"
"241002909","Guru / Sekolah"
"241002910","Jejaring Sosial"
"241002911","Guru / Sekolah"
"241002912","Jejaring Sosial"
"241002912","Teman "
"241002912","Website infopmb.itpln.ac.id"
"241002915","Teman "
"241002916","Teman "
"241002916","Media Elektronik (Televisi, Radio)"
"241002916","Media Promosi Cetak (Poster, Flyer, Brosur)"
"241002917","Jejaring Sosial"
"241002917","Email / SMS Broadcast"
"241002919","Jejaring Sosial"
"241002920","Media Promosi Cetak (Poster, Flyer, Brosur)"
"241002920","Media Elektronik (Televisi, Radio)"
"241002923","Teman "
"241002925","Media Cetak (Surat Kabar, Koran, Majalah)"
"241002925","Website infopmb.itpln.ac.id"
"241002926","Guru / Sekolah"
"241002927","Jejaring Sosial"
"241002928","Jejaring Sosial"
"241002930","Teman "
"241002930","Jejaring Sosial"
"241002931","Jejaring Sosial"
"241002932","Website infopmb.itpln.ac.id"
"241002933","Media Promosi Cetak (Poster, Flyer, Brosur)"
"241002934","Website infopmb.itpln.ac.id"
"241002935","Guru / Sekolah"
"241002935","Website infopmb.itpln.ac.id"
"241002938","Website infopmb.itpln.ac.id"
"241002941","Guru / Sekolah"
"241002942","Jejaring Sosial"
"241002942","Guru / Sekolah"
"241002943","Jejaring Sosial"
"241002944","Website Lain"
"241002945","Website infopmb.itpln.ac.id"
"241002946","Teman "
"241002947","Teman "
"241002947","Website infopmb.itpln.ac.id"
"241002952","Forum Diskusi Online"
"241002952","Guru / Sekolah"
"241002952","Website Lain"
"241002952","Media Promosi Cetak (Poster, Flyer, Brosur)"
"241002952","Website infopmb.itpln.ac.id"
"241002953","Website infopmb.itpln.ac.id"
"241002953","Media Cetak (Surat Kabar, Koran, Majalah)"
"241002953","Media Elektronik (Televisi, Radio)"
"241002954","Website infopmb.itpln.ac.id"
"241002955","Jejaring Sosial"
"241002956","Website Lain"
"241002957","Teman "
"241002959","Website infopmb.itpln.ac.id"
"241002959","Jejaring Sosial"
"241002959","Media Elektronik (Televisi, Radio)"
"241002959","Guru / Sekolah"
"241002964","Media Promosi Cetak (Poster, Flyer, Brosur)"
"241002964","Website infopmb.itpln.ac.id"
"241002966","Jejaring Sosial"
"241002969","Website Lain"
"241002970","Website Lain"
"241002970","Media Promosi Cetak (Poster, Flyer, Brosur)"
"241002970","Website infopmb.itpln.ac.id"
"241002973","Teman "
"241002973","Website infopmb.itpln.ac.id"
"241002974","Guru / Sekolah"
"241002976","Website Lain"
"241002976","Media Promosi Cetak (Poster, Flyer, Brosur)"
"241002977","Media Elektronik (Televisi, Radio)"
"241002977","Media Promosi Cetak (Poster, Flyer, Brosur)"
"241002979","Jejaring Sosial"
"241002979","Guru / Sekolah"
"241002979","Website infopmb.itpln.ac.id"
"241002982","Teman "
"241002985","Media Cetak (Surat Kabar, Koran, Majalah)"
"241002989","Media Cetak (Surat Kabar, Koran, Majalah)"
"241002991","Guru / Sekolah"
"241002991","Jejaring Sosial"
"241002992","Teman "
"241002993","Website Lain"
"241002994","Teman "
"241002995","Forum Diskusi Online"
"241002995","Website infopmb.itpln.ac.id"
"241002996","Website infopmb.itpln.ac.id"
"241002997","Jejaring Sosial"
"241002997","Teman "
"241002998","Teman "
"241002998","Media Elektronik (Televisi, Radio)"
"241002999","Website infopmb.itpln.ac.id"
"241002999","Jejaring Sosial"
"241002999","Website Lain"
"241003000","Website infopmb.itpln.ac.id"
"241003001","Jejaring Sosial"
"241003002","Website Lain"
"241003005","Guru / Sekolah"
"241003006","Website infopmb.itpln.ac.id"
"241003009","Website infopmb.itpln.ac.id"
"241003009","Website Lain"
"241003010","Media Elektronik (Televisi, Radio)"
"241003010","Website infopmb.itpln.ac.id"
"241003012","Guru / Sekolah"
"241003015","Media Elektronik (Televisi, Radio)"
"241003016","Guru / Sekolah"
"241003017","Jejaring Sosial"
"241003017","Website Lain"
"241003018","Teman "
"241003019","Website Lain"
"241003021","Website infopmb.itpln.ac.id"
"241003022","Jejaring Sosial"
"241003022","Teman "
"241003022","Media Elektronik (Televisi, Radio)"
"241003022","Website Lain"
"241003023","Website infopmb.itpln.ac.id"
"241003025","Jejaring Sosial"
"241003026","Jejaring Sosial"
"241003026","Website infopmb.itpln.ac.id"
"241003027","Jejaring Sosial"
"241003028","Teman "
"241003030","Teman "
"241003031","Website infopmb.itpln.ac.id"
"241003032","Website infopmb.itpln.ac.id"
"241003033","Website infopmb.itpln.ac.id"
"241003036","Teman "
"241003040","Jejaring Sosial"
"241003042","Website infopmb.itpln.ac.id"
"241003043","Media Cetak (Surat Kabar, Koran, Majalah)"
"241003045","Guru / Sekolah"
"241003046","Guru / Sekolah"
"241003049","Media Promosi Cetak (Poster, Flyer, Brosur)"
"241003049","Media Elektronik (Televisi, Radio)"
"241003049","Teman "
"241003049","Guru / Sekolah"
"241003050","Website infopmb.itpln.ac.id"
"241003051","Jejaring Sosial"
"241003051","Teman "
"241003053","Jejaring Sosial"
"241003053","Website infopmb.itpln.ac.id"
"241003055","Website Lain"
"241003055","Website infopmb.itpln.ac.id"
"241003056","Teman "
"241003056","Media Elektronik (Televisi, Radio)"
"241003057","Jejaring Sosial"
"241003058","Website infopmb.itpln.ac.id"
"241003058","Guru / Sekolah"
"241003058","Jejaring Sosial"
"241003060","Media Promosi Cetak (Poster, Flyer, Brosur)"
"241003061","Website infopmb.itpln.ac.id"
"241003066","Email / SMS Broadcast"
"241003066","Website infopmb.itpln.ac.id"
"241003068","Website infopmb.itpln.ac.id"
"241003069","Jejaring Sosial"
"241003071","Website infopmb.itpln.ac.id"
"241003072","Media Promosi Cetak (Poster, Flyer, Brosur)"
"241003072","Website infopmb.itpln.ac.id"
"241003073","Website infopmb.itpln.ac.id"
"241003073","Jejaring Sosial"
"241003076","Jejaring Sosial"
"241003084","Website infopmb.itpln.ac.id"
"241003087","Jejaring Sosial"
"241003088","Guru / Sekolah"
"241003090","Media Promosi Cetak (Poster, Flyer, Brosur)"
"241003090","Jejaring Sosial"
"241003090","Website infopmb.itpln.ac.id"
"241003092","Website infopmb.itpln.ac.id"
"241003093","Website infopmb.itpln.ac.id"
"241003099","Website infopmb.itpln.ac.id"
"241003103","Forum Diskusi Online"
"241003105","Jejaring Sosial"
"241003107","Teman "
"241003110","Jejaring Sosial"
"241003110","Website infopmb.itpln.ac.id"
"241003110","Website Lain"
"241003111","Media Promosi Cetak (Poster, Flyer, Brosur)"
"241003111","Forum Diskusi Online"
"241003111","Jejaring Sosial"
"241003114","Website infopmb.itpln.ac.id"
"241003115","Jejaring Sosial"
"241003116","Teman "
"241003117","Teman "
"241003117","Website infopmb.itpln.ac.id"
"241003122","Jejaring Sosial"
"241003124","Teman "
"241003124","Website infopmb.itpln.ac.id"
"241003129","Jejaring Sosial"
"241003131","Website infopmb.itpln.ac.id"
"241003133","Jejaring Sosial"
"241003136","Media Cetak (Surat Kabar, Koran, Majalah)"
"241003137","Jejaring Sosial"
"241003138","Guru / Sekolah"
"241003140","Jejaring Sosial"
"241003144","Teman "
"241003146","Teman "
"241003147","Jejaring Sosial"
"241003150","Teman "
"241003152","Website infopmb.itpln.ac.id"
"241003155","Jejaring Sosial"
"241003157","Website infopmb.itpln.ac.id"
"241003158","Guru / Sekolah"
"241003158","Jejaring Sosial"
"241003158","Teman "
"241003160","Website infopmb.itpln.ac.id"
"241003162","Website infopmb.itpln.ac.id"
"241003164","Jejaring Sosial"
"241003164","Website Lain"
"241003164","Forum Diskusi Online"
"241003164","Website infopmb.itpln.ac.id"
"241003165","Website Lain"
"241003165","Website infopmb.itpln.ac.id"
"241003165","Jejaring Sosial"
"241003166","Jejaring Sosial"
"241003169","Guru / Sekolah"
"241003172","Website infopmb.itpln.ac.id"
"241003173","Jejaring Sosial"
"241003176","Teman "
"241003178","Website infopmb.itpln.ac.id"
"241003179","Website infopmb.itpln.ac.id"
"241003179","Jejaring Sosial"
"241003180","Jejaring Sosial"
"241003180","Website Lain"
"241003180","Website infopmb.itpln.ac.id"
"241003182","Guru / Sekolah"
"241003182","Teman "
"241003183","Website infopmb.itpln.ac.id"
"241003184","Website infopmb.itpln.ac.id"
"241003187","Website infopmb.itpln.ac.id"
"241003187","Jejaring Sosial"
"241003191","Website infopmb.itpln.ac.id"
"241003192","Media Promosi Cetak (Poster, Flyer, Brosur)"
"241003193","Jejaring Sosial"
"241003193","Website infopmb.itpln.ac.id"
"241003197","Website infopmb.itpln.ac.id"
"241003198","Website infopmb.itpln.ac.id"
"241003201","Website infopmb.itpln.ac.id"
"241003201","Jejaring Sosial"
"241003205","Website infopmb.itpln.ac.id"
"241003205","Jejaring Sosial"
"241003206","Website infopmb.itpln.ac.id"
"241003210","Teman "
"241003213","Website infopmb.itpln.ac.id"
"241003216","Media Elektronik (Televisi, Radio)"
"241003217","Website infopmb.itpln.ac.id"
"241003218","Jejaring Sosial"
"241003218","Media Promosi Cetak (Poster, Flyer, Brosur)"
"241003226","Jejaring Sosial"
"241003234","Jejaring Sosial"
"241003234","Website Lain"
"241003234","Media Promosi Cetak (Poster, Flyer, Brosur)"
"241003235","Jejaring Sosial"
"241003237","Guru / Sekolah"
"241003238","Teman "
"241003240","Jejaring Sosial"
"241003240","Media Promosi Cetak (Poster, Flyer, Brosur)"
"241003242","Jejaring Sosial"
"241003244","Teman "
"241003246","Teman "
"241003247","Guru / Sekolah"
"241003249","Website Lain"
"241003250","Website infopmb.itpln.ac.id"
"241003252","Website infopmb.itpln.ac.id"
"241003257","Teman "
"241003260","Teman "
"241003261","Jejaring Sosial"
"241003261","Website infopmb.itpln.ac.id"
"241003265","Media Cetak (Surat Kabar, Koran, Majalah)"
"241003267","Guru / Sekolah"
"241003268","Teman "
"241003269","Jejaring Sosial"
"241003269","Website infopmb.itpln.ac.id"
"241003270","Teman "
"241003272","Website infopmb.itpln.ac.id"
"241003272","Jejaring Sosial"
"241003275","Teman "
"241003276","Jejaring Sosial"
"241003281","Website Lain"
"241003282","Website Lain"
"241003283","Website infopmb.itpln.ac.id"
"241003284","Guru / Sekolah"
"241003288","Teman "
"241003288","Jejaring Sosial"
"241003289","Jejaring Sosial"
"241003292","Teman "
"241003296","Jejaring Sosial"
"241003297","Guru / Sekolah"
"241003297","Teman "
"241003298","Teman "
"241003298","Website Lain"
"241003298","Website infopmb.itpln.ac.id"
"241003300","Website Lain"
"241003301","Website infopmb.itpln.ac.id"
"241003302","Jejaring Sosial"
"241003303","Media Elektronik (Televisi, Radio)"
"241003304","Website infopmb.itpln.ac.id"
"241003305","Website infopmb.itpln.ac.id"
"241003305","Guru / Sekolah"
"241003305","Jejaring Sosial"
"241003306","Teman "
"241003307","Jejaring Sosial"
"241003309","Jejaring Sosial"
"241003312","Jejaring Sosial"
"241003315","Teman "
"241003315","Media Cetak (Surat Kabar, Koran, Majalah)"
"241003316","Jejaring Sosial"
"241003320","Jejaring Sosial"
"241003322","Guru / Sekolah"
"241003323","Guru / Sekolah"
"241003323","Jejaring Sosial"
"241003324","Media Elektronik (Televisi, Radio)"
"241003324","Jejaring Sosial"
"241003324","Website infopmb.itpln.ac.id"
"241003325","Website infopmb.itpln.ac.id"
"241003325","Teman "
"241003327","Website infopmb.itpln.ac.id"
"241003329","Media Promosi Cetak (Poster, Flyer, Brosur)"
"241003329","Website Lain"
"241003331","Forum Diskusi Online"
"241003331","Teman "
"241003331","Jejaring Sosial"
"241003331","Website infopmb.itpln.ac.id"
"241003333","Jejaring Sosial"
"241003334","Jejaring Sosial"
"241003335","Jejaring Sosial"
"241003336","Jejaring Sosial"
"241003337","Teman "
"241003337","Jejaring Sosial"
"241003338","Jejaring Sosial"
"241003338","Media Elektronik (Televisi, Radio)"
"241003340","Guru / Sekolah"
"241003342","Guru / Sekolah"
"241003344","Website infopmb.itpln.ac.id"
"241003345","Jejaring Sosial"
"241003345","Forum Diskusi Online"
"241003345","Website infopmb.itpln.ac.id"
"241003346","Teman "
"241003348","Jejaring Sosial"
"241003348","Media Cetak (Surat Kabar, Koran, Majalah)"
"241003349","Website Lain"
"241003351","Jejaring Sosial"
"241003352","Media Promosi Cetak (Poster, Flyer, Brosur)"
"241003354","Teman "
"241003355","Website infopmb.itpln.ac.id"
"241003355","Media Cetak (Surat Kabar, Koran, Majalah)"
"241003357","Jejaring Sosial"
"241003359","Jejaring Sosial"
"241003361","Teman "
"241003363","Website infopmb.itpln.ac.id"
"241003363","Teman "
"241003364","Teman "
"241003366","Website infopmb.itpln.ac.id"
"241003367","Teman "
"241003368","Jejaring Sosial"
"241003369","Jejaring Sosial"
"241003373","Guru / Sekolah"
"241003374","Jejaring Sosial"
"241003375","Guru / Sekolah"
"241003376","Guru / Sekolah"
"241003377","Jejaring Sosial"
"241003377","Guru / Sekolah"
"241003378","Website infopmb.itpln.ac.id"
"241003378","Media Promosi Cetak (Poster, Flyer, Brosur)"
"241003380","Media Promosi Cetak (Poster, Flyer, Brosur)"
"241003381","Website infopmb.itpln.ac.id"
"241003381","Guru / Sekolah"
"241003382","Jejaring Sosial"
"241003382","Website infopmb.itpln.ac.id"
"241003383","Website infopmb.itpln.ac.id"
"241003383","Jejaring Sosial"
"241003384","Teman "
"241003386","Teman "
"241003386","Website Lain"
"241003386","Website infopmb.itpln.ac.id"
"241003388","Website infopmb.itpln.ac.id"
"241003393","Jejaring Sosial"
"241003396","Guru / Sekolah"
"241003401","Website infopmb.itpln.ac.id"
"241003403","Website Lain"
"241003407","Website infopmb.itpln.ac.id"
"241003407","Jejaring Sosial"
"241003408","Jejaring Sosial"
"241003409","Teman "
"241003411","Website infopmb.itpln.ac.id"
"241003413","Jejaring Sosial"
"241003414","Website infopmb.itpln.ac.id"
"241003416","Website infopmb.itpln.ac.id"
"241003416","Media Cetak (Surat Kabar, Koran, Majalah)"
"241003416","Media Promosi Cetak (Poster, Flyer, Brosur)"
"241003416","Teman "
"241003417","Teman "
"241003417","Jejaring Sosial"
"241003419","Guru / Sekolah"
"241003421","Website infopmb.itpln.ac.id"
"241003421","Guru / Sekolah"
"241003424","Website infopmb.itpln.ac.id"
"241003429","Jejaring Sosial"
"241003429","Website infopmb.itpln.ac.id"
"241003430","Teman "
"241003432","Guru / Sekolah"
"241003436","Jejaring Sosial"
"241003437","Jejaring Sosial"
"241003440","Jejaring Sosial"
"241003440","Media Promosi Cetak (Poster, Flyer, Brosur)"
"241003441","Guru / Sekolah"
"241003442","Guru / Sekolah"
"241003446","Guru / Sekolah"
"241003446","Teman "
"241003446","Jejaring Sosial"
"241003446","Website Lain"
"241003446","Media Elektronik (Televisi, Radio)"
"241003448","Teman "
"241003448","Website infopmb.itpln.ac.id"
"241003448","Jejaring Sosial"
"241003449","Spanduk"
"241003449","Media Promosi Cetak (Poster, Flyer, Brosur)"
"241003449","Guru / Sekolah"
"241003449","Media Elektronik (Televisi, Radio)"
"241003450","Media Cetak (Surat Kabar, Koran, Majalah)"
"241003450","Teman "
"241003451","Jejaring Sosial"
"241003451","Website Lain"
"241003451","Media Promosi Cetak (Poster, Flyer, Brosur)"
"241003456","Website infopmb.itpln.ac.id"
"241003459","Guru / Sekolah"
"241003459","Media Promosi Cetak (Poster, Flyer, Brosur)"
"241003459","Teman "
"241003460","Website infopmb.itpln.ac.id"
"241003461","Teman "
"241003461","Website infopmb.itpln.ac.id"
"241003463","Guru / Sekolah"
"241003464","Teman "
"241003466","Jejaring Sosial"
"241003466","Website infopmb.itpln.ac.id"
"241003467","Website infopmb.itpln.ac.id"
"241003468","Guru / Sekolah"
"241003469","Jejaring Sosial"
"241003469","Media Promosi Cetak (Poster, Flyer, Brosur)"
"241003469","Website infopmb.itpln.ac.id"
"241003469","Teman "
"241003469","Guru / Sekolah"
"241003470","Website infopmb.itpln.ac.id"
"241003474","Teman "
"241003479","Media Cetak (Surat Kabar, Koran, Majalah)"
"241003479","Teman "
"241003482","Website infopmb.itpln.ac.id"
"241003483","Teman "
"241003483","Jejaring Sosial"
"241003484","Email / SMS Broadcast"
"241003484","Website infopmb.itpln.ac.id"
"241003485","HIMDA"
"241003485","Jejaring Sosial"
"241003485","Teman "
"241003486","Media Cetak (Surat Kabar, Koran, Majalah)"
"241003486","Media Promosi Cetak (Poster, Flyer, Brosur)"
"241003486","Guru / Sekolah"
"241003486","Website infopmb.itpln.ac.id"
"241003488","Jejaring Sosial"
"241003490","Website infopmb.itpln.ac.id"
"241003492","Website infopmb.itpln.ac.id"
"241003493","Teman "
"241003496","Teman "
"241003497","Teman "
"241003498","Website infopmb.itpln.ac.id"
"241003498","Website Lain"
"241003498","Teman "
"241003499","Media Promosi Cetak (Poster, Flyer, Brosur)"
"241003500","Website infopmb.itpln.ac.id"
"241003502","Website infopmb.itpln.ac.id"
"241003502","Jejaring Sosial"
"241003505","Website infopmb.itpln.ac.id"
"241003505","Guru / Sekolah"
"241003508","Website infopmb.itpln.ac.id"
"241003512","Guru / Sekolah"
"241003514","Website infopmb.itpln.ac.id"
"241003516","Media Cetak (Surat Kabar, Koran, Majalah)"
"241003516","Email / SMS Broadcast"
"241003517","Guru / Sekolah"
"241003518","Website infopmb.itpln.ac.id"
"241003524","Jejaring Sosial"
"241003526","Jejaring Sosial"
"241003530","Jejaring Sosial"
"241003531","Website infopmb.itpln.ac.id"
"241003531","Teman "
"241003532","Website infopmb.itpln.ac.id"
"241003533","Media Promosi Cetak (Poster, Flyer, Brosur)"
"241003535","Guru / Sekolah"
"241003536","HIMDA"
"241003537","Email / SMS Broadcast"
"241003543","Jejaring Sosial"
"241003543","Spanduk"
"241003543","Media Cetak (Surat Kabar, Koran, Majalah)"
"241003543","Media Promosi Cetak (Poster, Flyer, Brosur)"
"241003543","Website infopmb.itpln.ac.id"
"241003543","Guru / Sekolah"
"241003543","Media Elektronik (Televisi, Radio)"
"241003543","Teman "
"241003545","Teman "
"241003546","Jejaring Sosial"
"241003546","Website infopmb.itpln.ac.id"
"241003546","Media Elektronik (Televisi, Radio)"
"241003548","Guru / Sekolah"
"241003550","Teman "
"241003550","Jejaring Sosial"
"241003551","Guru / Sekolah"
"241003552","Teman "
"241003555","Teman "
"241003557","Website infopmb.itpln.ac.id"
"241003557","Website Lain"
"241003557","Teman "
"241003559","Website infopmb.itpln.ac.id"
"241003562","Website infopmb.itpln.ac.id"
"241003565","Website infopmb.itpln.ac.id"
"241003567","Jejaring Sosial"
"241003567","Media Cetak (Surat Kabar, Koran, Majalah)"
"241003567","Website infopmb.itpln.ac.id"
"241003567","Media Elektronik (Televisi, Radio)"
"241003568","Website infopmb.itpln.ac.id"
"241003569","Media Promosi Cetak (Poster, Flyer, Brosur)"
"241003570","Jejaring Sosial"
"241003570","Guru / Sekolah"
"241003570","Website Lain"
"241003570","Forum Diskusi Online"
"241003570","Website infopmb.itpln.ac.id"
"241003570","Teman "
"241003571","Website infopmb.itpln.ac.id"
"241003573","Jejaring Sosial"
"241003574","Website infopmb.itpln.ac.id"
"241003574","Media Elektronik (Televisi, Radio)"
"241003574","Website Lain"
"241003576","Website infopmb.itpln.ac.id"
"241003577","Jejaring Sosial"
"241003580","Teman "
"241003580","Jejaring Sosial"
"241003581","Jejaring Sosial"
"241003581","Website infopmb.itpln.ac.id"
"241003586","Website infopmb.itpln.ac.id"
"241003587","Teman "
"241003588","Teman "
"241003589","Guru / Sekolah"
"241003589","Website infopmb.itpln.ac.id"
"241003591","Website infopmb.itpln.ac.id"
"241003592","Teman "
"241003592","Guru / Sekolah"
"241003594","Jejaring Sosial"
"241003594","Teman "
"241003596","Teman "
"241003596","Website infopmb.itpln.ac.id"
"241003600","Media Elektronik (Televisi, Radio)"
"241003601","Teman "
"241003602","Email / SMS Broadcast"
"241003608","Media Promosi Cetak (Poster, Flyer, Brosur)"
"241003610","Teman "
"241003611","Jejaring Sosial"
"241003613","Teman "
"241003614","Website infopmb.itpln.ac.id"
"241003615","Website infopmb.itpln.ac.id"
"241003615","Website Lain"
"241003615","Jejaring Sosial"
"241003617","Website Lain"
"241003617","Media Promosi Cetak (Poster, Flyer, Brosur)"
"241003617","Website infopmb.itpln.ac.id"
"241003617","Jejaring Sosial"
"241003621","Teman "
"241003622","Jejaring Sosial"
"241003622","Media Cetak (Surat Kabar, Koran, Majalah)"
"241003623","Website infopmb.itpln.ac.id"
"241003623","Teman "
"241003623","Media Promosi Cetak (Poster, Flyer, Brosur)"
"241003623","Media Elektronik (Televisi, Radio)"
"241003624","Guru / Sekolah"
"241003626","Media Cetak (Surat Kabar, Koran, Majalah)"
"241003627","Teman "
"241003629","Website infopmb.itpln.ac.id"
"241003629","Website Lain"
"241003629","Email / SMS Broadcast"
"241003631","Teman "
"241003632","Jejaring Sosial"
"241003632","Website Lain"
"241003632","Website infopmb.itpln.ac.id"
"241003633","Website infopmb.itpln.ac.id"
"241003635","Jejaring Sosial"
"241003635","Teman "
"241003637","Jejaring Sosial"
"241003638","Teman "
"241003640","Teman "
"241003645","Forum Diskusi Online"
"241003646","Website infopmb.itpln.ac.id"
"241003647","Teman "
"241003650","Website infopmb.itpln.ac.id"
"241003651","Website infopmb.itpln.ac.id"
"241003658","Teman "
"241003658","Website infopmb.itpln.ac.id"
"241003659","Media Cetak (Surat Kabar, Koran, Majalah)"
"241003659","Website Lain"
"241003661","Teman "
"241003662","Jejaring Sosial"
"241003665","Website infopmb.itpln.ac.id"
"241003666","Media Promosi Cetak (Poster, Flyer, Brosur)"
"241003666","Jejaring Sosial"
"241003666","Guru / Sekolah"
"241003667","Teman "
"241003668","Website infopmb.itpln.ac.id"
"241003668","Teman "
"241003668","Jejaring Sosial"
"241003672","Media Cetak (Surat Kabar, Koran, Majalah)"
"241003675","Website infopmb.itpln.ac.id"
"241003676","Website infopmb.itpln.ac.id"
"241003676","Media Elektronik (Televisi, Radio)"
"241003678","Media Promosi Cetak (Poster, Flyer, Brosur)"
"241003680","Guru / Sekolah"
"241003680","Teman "
"241003680","Jejaring Sosial"
"241003681","Teman "
"241003681","Website infopmb.itpln.ac.id"
"241003682","Website infopmb.itpln.ac.id"
"241003682","Jejaring Sosial"
"241003683","Jejaring Sosial"
"241003684","Website infopmb.itpln.ac.id"
"241003684","Teman "
"241003684","Jejaring Sosial"
"241003685","Guru / Sekolah"
"241003686","Guru / Sekolah"
"241003687","Media Promosi Cetak (Poster, Flyer, Brosur)"
"241003688","Website infopmb.itpln.ac.id"
"241003689","Website infopmb.itpln.ac.id"
"241003690","Jejaring Sosial"
"241003690","Website infopmb.itpln.ac.id"
"241003692","Jejaring Sosial"
"241003694","Website infopmb.itpln.ac.id"
"241003694","Guru / Sekolah"
"241003694","Media Promosi Cetak (Poster, Flyer, Brosur)"
"241003695","Guru / Sekolah"
"241003698","Teman "
"241003700","Teman "
"241003702","Teman "
"241003704","Teman "
"241003704","Website infopmb.itpln.ac.id"
"241003704","Jejaring Sosial"
"241003706","Jejaring Sosial"
"241003706","Teman "
"241003707","Forum Diskusi Online"
"241003708","Jejaring Sosial"
"241003708","Media Promosi Cetak (Poster, Flyer, Brosur)"
"241003709","Guru / Sekolah"
"241003710","Website infopmb.itpln.ac.id"
"241003711","Guru / Sekolah"
"241003712","Jejaring Sosial"
"241003713","Guru / Sekolah"
"241003713","Jejaring Sosial"
"241003716","Forum Diskusi Online"
"241003718","Jejaring Sosial"
"241003722","Website infopmb.itpln.ac.id"
"241003723","Teman "
"241003724","Website infopmb.itpln.ac.id"
"241003724","Teman "
"241003724","Media Elektronik (Televisi, Radio)"
"241003724","Jejaring Sosial"
"241003726","Jejaring Sosial"
"241003726","Guru / Sekolah"
"241003727","Guru / Sekolah"
"241003728","Forum Diskusi Online"
"241003731","Media Elektronik (Televisi, Radio)"
"241003731","Media Promosi Cetak (Poster, Flyer, Brosur)"
"241003731","Website infopmb.itpln.ac.id"
"241003732","Jejaring Sosial"
"241003733","Email / SMS Broadcast"
"241003733","Website infopmb.itpln.ac.id"
"241003733","Spanduk"
"241003733","Media Cetak (Surat Kabar, Koran, Majalah)"
"241003735","Website infopmb.itpln.ac.id"
"241003736","Teman "
"241003737","Jejaring Sosial"
"241003737","Website infopmb.itpln.ac.id"
"241003737","Media Elektronik (Televisi, Radio)"
"241003739","Jejaring Sosial"
"241003740","Jejaring Sosial"
"241003744","Website infopmb.itpln.ac.id"
"241003746","Jejaring Sosial"
"241003747","Website infopmb.itpln.ac.id"
"241003747","Jejaring Sosial"
"241003747","Teman "
"241003748","Jejaring Sosial"
"241003749","Teman "
"241003750","Website infopmb.itpln.ac.id"
"241003751","Website infopmb.itpln.ac.id"
"241003752","Teman "
"241003753","Jejaring Sosial"
"241003755","Guru / Sekolah"
"241003755","Jejaring Sosial"
"241003758","Media Elektronik (Televisi, Radio)"
"241003758","Website infopmb.itpln.ac.id"
"241003759","Teman "
"241003761","Media Cetak (Surat Kabar, Koran, Majalah)"
"241003762","Teman "
"241003766","Media Elektronik (Televisi, Radio)"
"241003766","Teman "
"241003767","Guru / Sekolah"
"241003768","Website infopmb.itpln.ac.id"
"241003770","Jejaring Sosial"
"241003771","Jejaring Sosial"
"241003772","Teman "
"241003774","Teman "
"241003776","Jejaring Sosial"
"241003776","Website infopmb.itpln.ac.id"
"241003776","Website Lain"
"241003776","Email / SMS Broadcast"
"241003777","Website infopmb.itpln.ac.id"
"241003778","Jejaring Sosial"
"241003780","Teman "
"241003780","Jejaring Sosial"
"241003780","Media Elektronik (Televisi, Radio)"
"241003786","Website infopmb.itpln.ac.id"
"241003789","Website Lain"
"241003790","Teman "
"241003794","Website infopmb.itpln.ac.id"
"241003795","Jejaring Sosial"
"241003796","Website infopmb.itpln.ac.id"
"241003797","Website infopmb.itpln.ac.id"
"241003800","Website infopmb.itpln.ac.id"
"241003802","Website infopmb.itpln.ac.id"
"241003804","Media Elektronik (Televisi, Radio)"
"241003804","Jejaring Sosial"
"241003806","Teman "
"241003807","Jejaring Sosial"
"241003808","Website infopmb.itpln.ac.id"
"241003808","Teman "
"241003808","Jejaring Sosial"
"241003809","Website infopmb.itpln.ac.id"
"241003809","Guru / Sekolah"
"241003809","Jejaring Sosial"
"241003809","Teman "
"241003810","Teman "
"241003811","Media Promosi Cetak (Poster, Flyer, Brosur)"
"241003812","Website infopmb.itpln.ac.id"
"241003817","Teman "
"241003818","Jejaring Sosial"
"241003819","Jejaring Sosial"
"241003819","Teman "
"241003821","Website infopmb.itpln.ac.id"
"241003822","Guru / Sekolah"
"241003823","Guru / Sekolah"
"241003827","Website infopmb.itpln.ac.id"
"241003830","Jejaring Sosial"
"241003834","Media Cetak (Surat Kabar, Koran, Majalah)"
"241003834","Jejaring Sosial"
"241003834","Guru / Sekolah"
"241003834","Website infopmb.itpln.ac.id"
"241003834","Teman "
"241003835","Jejaring Sosial"
"241003836","Website Lain"
"241003839","Website infopmb.itpln.ac.id"
"241003839","Guru / Sekolah"
"241003839","Email / SMS Broadcast"
"241003839","Website Lain"
"241003840","Website infopmb.itpln.ac.id"
"241003842","Website infopmb.itpln.ac.id"
"241003842","Media Elektronik (Televisi, Radio)"
"241003842","Guru / Sekolah"
"241003843","Teman "
"241003845","Website infopmb.itpln.ac.id"
"241003845","Jejaring Sosial"
"241003846","Website infopmb.itpln.ac.id"
"241003847","Website infopmb.itpln.ac.id"
"241003847","Jejaring Sosial"
"241003847","Media Promosi Cetak (Poster, Flyer, Brosur)"
"241003848","Jejaring Sosial"
"241003850","Jejaring Sosial"
"241003850","Website infopmb.itpln.ac.id"
"241003850","Forum Diskusi Online"
"241003850","Website Lain"
"241003850","Guru / Sekolah"
"241003850","Teman "
"241003853","Guru / Sekolah"
"241003854","Jejaring Sosial"
"241003854","Website infopmb.itpln.ac.id"
"241003855","Media Elektronik (Televisi, Radio)"
"241003857","Teman "
"241003858","Website infopmb.itpln.ac.id"
"241003861","Jejaring Sosial"
"241003862","Teman "
"241003863","Jejaring Sosial"
"241003865","Website infopmb.itpln.ac.id"
"241003865","Jejaring Sosial"
"241003866","Media Promosi Cetak (Poster, Flyer, Brosur)"
"241003869","Website infopmb.itpln.ac.id"
"241003869","Guru / Sekolah"
"241003869","Website Lain"
"241003870","Jejaring Sosial"
"241003870","Media Elektronik (Televisi, Radio)"
"241003870","Website infopmb.itpln.ac.id"
"241003871","Media Promosi Cetak (Poster, Flyer, Brosur)"
"241003872","Website Lain"
"241003872","Teman "
"241003874","Teman "
"241003875","Website infopmb.itpln.ac.id"
"241003875","Media Promosi Cetak (Poster, Flyer, Brosur)"
"241003876","Website infopmb.itpln.ac.id"
"241003877","Media Elektronik (Televisi, Radio)"
"241003877","Jejaring Sosial"
"241003877","Website infopmb.itpln.ac.id"
"241003877","Teman "
"241003877","Website Lain"
"241003878","Guru / Sekolah"
"241003880","Teman "
"241003883","Media Promosi Cetak (Poster, Flyer, Brosur)"
"241003884","Website infopmb.itpln.ac.id"
"241003884","Forum Diskusi Online"
"241003884","Teman "
"241003885","Forum Diskusi Online"
"241003885","Media Promosi Cetak (Poster, Flyer, Brosur)"
"241003886","Jejaring Sosial"
"241003886","Guru / Sekolah"
"241003888","Teman "
"241003889","Jejaring Sosial"
"241003889","Teman "
"241003889","Guru / Sekolah"
"241003889","Website infopmb.itpln.ac.id"
"241003892","Website infopmb.itpln.ac.id"
"241003894","Jejaring Sosial"
"241003894","Teman "
"241003900","Jejaring Sosial"
"241003900","Guru / Sekolah"
"241003900","Website infopmb.itpln.ac.id"
"241003901","Website infopmb.itpln.ac.id"
"241003902","Website infopmb.itpln.ac.id"
"241003902","Teman "
"241003904","Website Lain"
"241003905","Jejaring Sosial"
"241003905","Forum Diskusi Online"
"241003905","Website infopmb.itpln.ac.id"
"241003906","Teman "
"241003906","Guru / Sekolah"
"241003907","Forum Diskusi Online"
"241003908","Media Cetak (Surat Kabar, Koran, Majalah)"
"241003912","Guru / Sekolah"
"241003914","Media Elektronik (Televisi, Radio)"
"241003914","Jejaring Sosial"
"241003914","Website infopmb.itpln.ac.id"
"241003916","Website infopmb.itpln.ac.id"
"241003919","Teman "
"241003920","Jejaring Sosial"
"241003921","Teman "
"241003927","Guru / Sekolah"
"241003928","Jejaring Sosial"
"241003928","Website infopmb.itpln.ac.id"
"241003930","Website infopmb.itpln.ac.id"
"241003931","Website infopmb.itpln.ac.id"
"241003931","Media Elektronik (Televisi, Radio)"
"241003933","Website infopmb.itpln.ac.id"
"241003936","Forum Diskusi Online"
"241003936","Website infopmb.itpln.ac.id"
"241003936","Website Lain"
"241003936","Jejaring Sosial"
"241003937","Website Lain"
"241003937","Media Cetak (Surat Kabar, Koran, Majalah)"
"241003937","Website infopmb.itpln.ac.id"
"241003939","Guru / Sekolah"
"241003940","Website infopmb.itpln.ac.id"
"241003941","Jejaring Sosial"
"241003942","Jejaring Sosial"
"241003942","Website infopmb.itpln.ac.id"
"241003948","Teman "
"241003949","Teman "
"241003950","Website infopmb.itpln.ac.id"
"241003951","Website infopmb.itpln.ac.id"
"241003951","Jejaring Sosial"
"241003952","Website infopmb.itpln.ac.id"
"241003954","Guru / Sekolah"
"241003956","Website infopmb.itpln.ac.id"
"241003956","Jejaring Sosial"
"241003956","Media Elektronik (Televisi, Radio)"
"241003956","Website Lain"
"241003957","Teman "
"241003958","Website infopmb.itpln.ac.id"
"241003960","Jejaring Sosial"
"241003960","Website infopmb.itpln.ac.id"
"241003962","Website infopmb.itpln.ac.id"
"241003963","Website infopmb.itpln.ac.id"
"241003964","Jejaring Sosial"
"241003964","Guru / Sekolah"
"241003965","Jejaring Sosial"
"241003965","Forum Diskusi Online"
"241003965","Teman "
"241003966","Website infopmb.itpln.ac.id"
"241003967","Website infopmb.itpln.ac.id"
"241003971","Guru / Sekolah"
"241003971","Jejaring Sosial"
"241003972","Website infopmb.itpln.ac.id"
"241003973","Website infopmb.itpln.ac.id"
"241003973","Jejaring Sosial"
"241003975","Teman "
"241003975","Jejaring Sosial"
"241003975","Media Elektronik (Televisi, Radio)"
"241003975","Website infopmb.itpln.ac.id"
"241003978","Website infopmb.itpln.ac.id"
"241003978","Jejaring Sosial"
"241003978","Teman "
"241003979","Teman "
"241003980","Website infopmb.itpln.ac.id"
"241003983","Website infopmb.itpln.ac.id"
"241003984","Jejaring Sosial"
"241003984","Website Lain"
"241003985","Jejaring Sosial"
"241003989","Website Lain"
"241003989","Website infopmb.itpln.ac.id"
"241003989","Media Promosi Cetak (Poster, Flyer, Brosur)"
"241003989","Jejaring Sosial"
"241003990","Website infopmb.itpln.ac.id"
"241003992","Website infopmb.itpln.ac.id"
"241003995","Jejaring Sosial"
"241003996","Guru / Sekolah"
"241003997","Teman "
"241003998","Website infopmb.itpln.ac.id"
"241003999","Teman "
"241004002","Media Cetak (Surat Kabar, Koran, Majalah)"
"241004002","Website infopmb.itpln.ac.id"
"241004002","Jejaring Sosial"
"241004004","Teman "
"241004008","Website Lain"
"241004008","Website infopmb.itpln.ac.id"
"241004008","Email / SMS Broadcast"
"241004008","Media Cetak (Surat Kabar, Koran, Majalah)"
"241004009","Website infopmb.itpln.ac.id"
"241004010","Website infopmb.itpln.ac.id"
"241004011","Website infopmb.itpln.ac.id"
"241004011","Guru / Sekolah"
"241004011","Jejaring Sosial"
"241004012","Guru / Sekolah"
"241004013","Jejaring Sosial"
"241004017","Teman "
"241004018","Teman "
"241004018","Jejaring Sosial"
"241004018","Website infopmb.itpln.ac.id"
"241004019","Media Elektronik (Televisi, Radio)"
"241004020","Teman "
"241004021","Guru / Sekolah"
"241004024","Guru / Sekolah"
"241004028","Jejaring Sosial"
"241004029","Guru / Sekolah"
"241004030","Guru / Sekolah"
"241004032","Website infopmb.itpln.ac.id"
"241004032","Jejaring Sosial"
"241004032","Website Lain"
"241004035","Teman "
"241004036","Teman "
"241004036","Jejaring Sosial"
"241004037","Website infopmb.itpln.ac.id"
"241004039","Website infopmb.itpln.ac.id"
"241004041","Guru / Sekolah"
"241004042","Website infopmb.itpln.ac.id"
"241004042","Website Lain"
"241004042","Forum Diskusi Online"
"241004043","Website infopmb.itpln.ac.id"
"241004044","Teman "
"241004044","Website infopmb.itpln.ac.id"
"241004044","Jejaring Sosial"
"241004045","Website infopmb.itpln.ac.id"
"241004046","Jejaring Sosial"
"241004048","Teman "
"241004049","Guru / Sekolah"
"241004050","Website infopmb.itpln.ac.id"
"241004053","Website infopmb.itpln.ac.id"
"241004055","Jejaring Sosial"
"241004056","Website infopmb.itpln.ac.id"
"241004057","Email / SMS Broadcast"
"241004058","Jejaring Sosial"
"241004060","Guru / Sekolah"
"241004061","Media Cetak (Surat Kabar, Koran, Majalah)"
"241004061","Website Lain"
"241004061","Media Promosi Cetak (Poster, Flyer, Brosur)"
"241004061","Media Elektronik (Televisi, Radio)"
"241004061","Website infopmb.itpln.ac.id"
"241004062","Media Elektronik (Televisi, Radio)"
"241004062","Jejaring Sosial"
"241004062","Teman "
"241004063","Teman "
"241004063","Media Elektronik (Televisi, Radio)"
"241004063","Guru / Sekolah"
"241004063","Forum Diskusi Online"
"241004063","Jejaring Sosial"
"241004063","Website infopmb.itpln.ac.id"
"241004065","Jejaring Sosial"
"241004066","Jejaring Sosial"
"241004066","Website Lain"
"241004066","Website infopmb.itpln.ac.id"
"241004067","Guru / Sekolah"
"241004068","Website infopmb.itpln.ac.id"
"241004068","Jejaring Sosial"
"241004069","Teman "
"241004070","Teman "
"241004072","Website infopmb.itpln.ac.id"
"241004073","Teman "
"241004073","Jejaring Sosial"
"241004074","Jejaring Sosial"
"241004075","Website infopmb.itpln.ac.id"
"241004076","Website infopmb.itpln.ac.id"
"241004079","Jejaring Sosial"
"241004080","Jejaring Sosial"
"241004081","Jejaring Sosial"
"241004082","Jejaring Sosial"
"241004083","Website infopmb.itpln.ac.id"
"241004083","Media Promosi Cetak (Poster, Flyer, Brosur)"
"241004083","Media Cetak (Surat Kabar, Koran, Majalah)"
"241004084","Website infopmb.itpln.ac.id"
"241004086","Website infopmb.itpln.ac.id"
"241004089","Media Elektronik (Televisi, Radio)"
"241004090","Teman "
"241004091","Website infopmb.itpln.ac.id"
"241004093","Website infopmb.itpln.ac.id"
"241004095","Website infopmb.itpln.ac.id"
"241004095","Jejaring Sosial"
"241004095","Teman "
"241004098","Jejaring Sosial"
"241004098","Website Lain"
"241004098","Teman "
"241004099","Teman "
"241004100","Website infopmb.itpln.ac.id"
"241004102","Website infopmb.itpln.ac.id"
"241004102","Guru / Sekolah"
"241004102","Jejaring Sosial"
"241004103","Media Promosi Cetak (Poster, Flyer, Brosur)"
"241004103","Website infopmb.itpln.ac.id"
"241004104","Media Elektronik (Televisi, Radio)"
"241004105","Website infopmb.itpln.ac.id"
"241004106","Teman "
"241004106","Website Lain"
"241004109","Teman "
"241004110","Teman "
"241004110","Guru / Sekolah"
"241004110","Jejaring Sosial"
"241004110","Media Elektronik (Televisi, Radio)"
"241004111","Media Promosi Cetak (Poster, Flyer, Brosur)"
"241004111","Teman "
"241004113","Website infopmb.itpln.ac.id"
"241004113","Jejaring Sosial"
"241004115","Website infopmb.itpln.ac.id"
"241004115","Guru / Sekolah"
"241004117","Guru / Sekolah"
"241004118","Teman "
"241004119","Jejaring Sosial"
"241004120","Website infopmb.itpln.ac.id"
"241004120","Jejaring Sosial"
"241004122","Website infopmb.itpln.ac.id"
"241004123","Guru / Sekolah"
"241004125","Jejaring Sosial"
"241004128","Website infopmb.itpln.ac.id"
"241004129","Website Lain"
"241004130","Jejaring Sosial"
"241004131","Jejaring Sosial"
"241004133","Jejaring Sosial"
"241004135","Jejaring Sosial"
"241004136","Media Cetak (Surat Kabar, Koran, Majalah)"
"241004137","Website infopmb.itpln.ac.id"
"241004138","Jejaring Sosial"
"241004140","Website infopmb.itpln.ac.id"
"241004140","Jejaring Sosial"
"241004141","Website infopmb.itpln.ac.id"
"241004142","Jejaring Sosial"
"241004143","Media Elektronik (Televisi, Radio)"
"241004143","Guru / Sekolah"
"241004145","Website Lain"
"241004145","Website infopmb.itpln.ac.id"
"241004146","Website infopmb.itpln.ac.id"
"241004147","Website infopmb.itpln.ac.id"
"241004147","Jejaring Sosial"
"241004148","Media Elektronik (Televisi, Radio)"
"241004149","Website infopmb.itpln.ac.id"
"241004150","Jejaring Sosial"
"241004151","Teman "
"241004151","Website infopmb.itpln.ac.id"
"241004153","Teman "
"241004153","Website infopmb.itpln.ac.id"
"241004154","Jejaring Sosial"
"241004154","Forum Diskusi Online"
"241004154","Guru / Sekolah"
"241004156","Teman "
"241004157","Website infopmb.itpln.ac.id"
"241004158","Guru / Sekolah"
"241004159","Website infopmb.itpln.ac.id"
"241004163","Website infopmb.itpln.ac.id"
"241004164","Teman "
"241004164","Jejaring Sosial"
"241004164","Guru / Sekolah"
"241004166","Website infopmb.itpln.ac.id"
"241004167","Jejaring Sosial"
"241004167","Website infopmb.itpln.ac.id"
"241004168","Website infopmb.itpln.ac.id"
"241004168","Media Elektronik (Televisi, Radio)"
"241004168","Teman "
"241004169","Website infopmb.itpln.ac.id"
"241004170","Jejaring Sosial"
"241004172","Teman "
"241004174","Guru / Sekolah"
"241004176","Guru / Sekolah"
"241004176","Forum Diskusi Online"
"241004176","Website infopmb.itpln.ac.id"
"241004177","Website Lain"
"241004178","Website infopmb.itpln.ac.id"
"241004179","Jejaring Sosial"
"241004180","Website infopmb.itpln.ac.id"
"241004181","Jejaring Sosial"
"241004182","Website infopmb.itpln.ac.id"
"241004183","Teman "
"241004184","Teman "
"241004184","Jejaring Sosial"
"241004185","Website infopmb.itpln.ac.id"
"241004186","Media Cetak (Surat Kabar, Koran, Majalah)"
"241004186","Guru / Sekolah"
"241004186","Website infopmb.itpln.ac.id"
"241004186","Media Promosi Cetak (Poster, Flyer, Brosur)"
"241004186","Jejaring Sosial"
"241004186","Forum Diskusi Online"
"241004187","Website infopmb.itpln.ac.id"
"241004187","Jejaring Sosial"
"241004187","Guru / Sekolah"
"241004188","Website infopmb.itpln.ac.id"
"241004190","Teman "
"241004191","Teman "
"241004193","Website infopmb.itpln.ac.id"
"241004194","Jejaring Sosial"
"241004196","Jejaring Sosial"
"241004198","Website Lain"
"241004201","Website infopmb.itpln.ac.id"
"241004203","Jejaring Sosial"
"241004204","Website infopmb.itpln.ac.id"
"241004205","Guru / Sekolah"
"241004207","Jejaring Sosial"
"241004208","Website Lain"
"241004208","Teman "
"241004211","Teman "
"241004211","Jejaring Sosial"
"241004212","Website infopmb.itpln.ac.id"
"241004213","Website infopmb.itpln.ac.id"
"241004214","Website infopmb.itpln.ac.id"
"241004215","Guru / Sekolah"
"241004217","Teman "
"241004218","Guru / Sekolah"
"241004218","Teman "
"241004219","Jejaring Sosial"
"241004220","Website infopmb.itpln.ac.id"
"241004220","Jejaring Sosial"
"241004221","Jejaring Sosial"
"241004222","Website infopmb.itpln.ac.id"
"241004222","Teman "
"241004223","Media Promosi Cetak (Poster, Flyer, Brosur)"
"241004223","Teman "
"241004223","Website Lain"
"241004224","Guru / Sekolah"
"241004225","Website infopmb.itpln.ac.id"
"241004225","Website Lain"
"241004226","Guru / Sekolah"
"241004228","Website infopmb.itpln.ac.id"
"241004229","Jejaring Sosial"
"241004230","Website infopmb.itpln.ac.id"
"241004231","Website Lain"
"241004231","Website infopmb.itpln.ac.id"
"241004231","Jejaring Sosial"
"241004232","Jejaring Sosial"
"241004232","Website infopmb.itpln.ac.id"
"241004235","Website infopmb.itpln.ac.id"
"241004236","Jejaring Sosial"
"241004236","Guru / Sekolah"
"241004236","Website infopmb.itpln.ac.id"
"241004236","Teman "
"241004238","Website infopmb.itpln.ac.id"
"241004239","Website Lain"
"241004239","Jejaring Sosial"
"241004239","Website infopmb.itpln.ac.id"
"241004239","Forum Diskusi Online"
"241004239","Media Elektronik (Televisi, Radio)"
"241004239","Teman "
"241004239","Media Cetak (Surat Kabar, Koran, Majalah)"
"241004239","Media Promosi Cetak (Poster, Flyer, Brosur)"
"241004240","Jejaring Sosial"
"241004241","Website infopmb.itpln.ac.id"
"241004243","Jejaring Sosial"
"241004243","Website infopmb.itpln.ac.id"
"241004246","Teman "
"241004247","Forum Diskusi Online"
"241004247","Email / SMS Broadcast"
"241004249","Guru / Sekolah"
"241004253","Website infopmb.itpln.ac.id"
"241004254","Teman "
"241004254","Guru / Sekolah"
"241004254","Website infopmb.itpln.ac.id"
"241004255","Website infopmb.itpln.ac.id"
"241004256","Teman "
"241004256","Website infopmb.itpln.ac.id"
"241004256","Jejaring Sosial"
"241004257","Media Cetak (Surat Kabar, Koran, Majalah)"
"241004257","Guru / Sekolah"
"241004258","Guru / Sekolah"
"241004261","Website infopmb.itpln.ac.id"
"241004262","Jejaring Sosial"
"241004263","Website infopmb.itpln.ac.id"
"241004264","Teman "
"241004265","Media Elektronik (Televisi, Radio)"
"241004268","Teman "
"241004269","Teman "
"241004270","Jejaring Sosial"
"241004270","Media Promosi Cetak (Poster, Flyer, Brosur)"
"241004270","Guru / Sekolah"
"241004270","Forum Diskusi Online"
"241004270","Website infopmb.itpln.ac.id"
"241004270","Teman "
"241004271","Jejaring Sosial"
"241004272","Teman "
"241004273","Website infopmb.itpln.ac.id"
"241004274","Website Lain"
"241004275","Teman "
"241004276","Website infopmb.itpln.ac.id"
"241004277","Teman "
"241004279","Teman "
"241004280","Teman "
"241004280","Website infopmb.itpln.ac.id"
"241004282","Website infopmb.itpln.ac.id"
"241004283","Guru / Sekolah"
"241004284","Guru / Sekolah"
"241004284","Teman "
"241004284","Jejaring Sosial"
"241004285","Media Elektronik (Televisi, Radio)"
"241004285","Media Promosi Cetak (Poster, Flyer, Brosur)"
"241004285","Media Cetak (Surat Kabar, Koran, Majalah)"
"241004286","Jejaring Sosial"
"241004286","Website infopmb.itpln.ac.id"
"241004289","Teman "
"241004290","Media Promosi Cetak (Poster, Flyer, Brosur)"
"241004292","Website infopmb.itpln.ac.id"
"241004295","Media Elektronik (Televisi, Radio)"
"241004296","Website infopmb.itpln.ac.id"
"241004296","Jejaring Sosial"
"241004299","Website infopmb.itpln.ac.id"
"241004301","Website infopmb.itpln.ac.id"
"241004304","Jejaring Sosial"
"241004305","Website infopmb.itpln.ac.id"
"241004306","Teman "
"241004307","Guru / Sekolah"
"241004307","Website infopmb.itpln.ac.id"
"241004307","Media Cetak (Surat Kabar, Koran, Majalah)"
"241004307","Teman "
"241004308","Media Elektronik (Televisi, Radio)"
"241004309","Website infopmb.itpln.ac.id"
"241004310","Jejaring Sosial"
"241004312","Guru / Sekolah"
"241004313","Teman "
"241004313","Jejaring Sosial"
"241004313","Website infopmb.itpln.ac.id"
"241004314","Guru / Sekolah"
"241004318","Website infopmb.itpln.ac.id"
"241004322","Guru / Sekolah"
"241004324","Website infopmb.itpln.ac.id"
"241004325","Teman "
"241004326","Website infopmb.itpln.ac.id"
"241004326","Forum Diskusi Online"
"241004326","Guru / Sekolah"
"241004327","Teman "
"241004330","Teman "
"241004331","Website infopmb.itpln.ac.id"
"241004332","Website infopmb.itpln.ac.id"
"241004333","Teman "
"241004334","Teman "
"241004335","Jejaring Sosial"
"241004335","Website infopmb.itpln.ac.id"
"241004337","Website infopmb.itpln.ac.id"
"241004337","Jejaring Sosial"
"241004337","Guru / Sekolah"
"241004338","Guru / Sekolah"
"241004342","Website infopmb.itpln.ac.id"
"241004344","Website infopmb.itpln.ac.id"
"241004345","Website infopmb.itpln.ac.id"
"241004345","Jejaring Sosial"
"241004346","Website infopmb.itpln.ac.id"
"241004348","Website infopmb.itpln.ac.id"
"241004349","Media Promosi Cetak (Poster, Flyer, Brosur)"
"241004349","Media Elektronik (Televisi, Radio)"
"241004349","Spanduk"
"241004349","Guru / Sekolah"
"241004350","Website infopmb.itpln.ac.id"
"241004351","Teman "
"241004353","Teman "
"241004355","Jejaring Sosial"
"241004358","Website infopmb.itpln.ac.id"
"241004359","Website infopmb.itpln.ac.id"
"241004360","Jejaring Sosial"
"241004360","Website infopmb.itpln.ac.id"
"241004361","Guru / Sekolah"
"241004361","Teman "
"241004362","Website infopmb.itpln.ac.id"
"241004363","Website infopmb.itpln.ac.id"
"241004365","Jejaring Sosial"
"241004367","Website infopmb.itpln.ac.id"
"241004368","Media Elektronik (Televisi, Radio)"
"241004369","Teman "
"241004370","Website infopmb.itpln.ac.id"
"241004371","Teman "
"241004372","Website infopmb.itpln.ac.id"
"241004373","Teman "
"241004374","Website infopmb.itpln.ac.id"
"241004374","Teman "
"241004374","Jejaring Sosial"
"241004374","Media Promosi Cetak (Poster, Flyer, Brosur)"
"241004375","Jejaring Sosial"
"241004376","Website infopmb.itpln.ac.id"
"241004377","Website infopmb.itpln.ac.id"
"241004379","Website infopmb.itpln.ac.id"
"241004379","Teman "
"241004380","Teman "
"241004384","Media Promosi Cetak (Poster, Flyer, Brosur)"
"241004386","Website Lain"
"241004386","Website infopmb.itpln.ac.id"
"241004386","Email / SMS Broadcast"
"241004387","Media Promosi Cetak (Poster, Flyer, Brosur)"
"241004388","Media Promosi Cetak (Poster, Flyer, Brosur)"
"241004388","Media Elektronik (Televisi, Radio)"
"241004388","Website infopmb.itpln.ac.id"
"241004391","Guru / Sekolah"
"241004391","Media Cetak (Surat Kabar, Koran, Majalah)"
"241004393","Jejaring Sosial"
"241004394","Website Lain"
"241004394","Jejaring Sosial"
"241004394","Teman "
"241004394","Forum Diskusi Online"
"241004394","Guru / Sekolah"
"241004395","Jejaring Sosial"
"241004395","Website infopmb.itpln.ac.id"
"241004396","Website infopmb.itpln.ac.id"
"241004397","Website infopmb.itpln.ac.id"
"241004398","Media Cetak (Surat Kabar, Koran, Majalah)"
"241004399","Website infopmb.itpln.ac.id"
"241004401","Media Promosi Cetak (Poster, Flyer, Brosur)"
"241004402","Media Cetak (Surat Kabar, Koran, Majalah)"
"241004403","Teman "
"241004404","Website infopmb.itpln.ac.id"
"241004405","Website infopmb.itpln.ac.id"
"241004406","Jejaring Sosial"
"241004406","Media Elektronik (Televisi, Radio)"
"241004406","Teman "
"241004410","Jejaring Sosial"
"241004411","Guru / Sekolah"
"241004411","Media Elektronik (Televisi, Radio)"
"241004413","Jejaring Sosial"
"241004414","Website Lain"
"241004414","Website infopmb.itpln.ac.id"
"241004418","Teman "
"241004419","Website infopmb.itpln.ac.id"
"241004419","Teman "
"241004420","Jejaring Sosial"
"241004420","Teman "
"241004421","Website Lain"
"241004422","Website infopmb.itpln.ac.id"
"241004424","Website infopmb.itpln.ac.id"
"241004425","Email / SMS Broadcast"
"241004428","Media Promosi Cetak (Poster, Flyer, Brosur)"
"241004428","Jejaring Sosial"
"241004429","Jejaring Sosial"
"241004430","Website infopmb.itpln.ac.id"
"241004431","Website infopmb.itpln.ac.id"
"241004432","Jejaring Sosial"
"241004434","Teman "
"241004434","Jejaring Sosial"
"241004434","Media Promosi Cetak (Poster, Flyer, Brosur)"
"241004435","Guru / Sekolah"
"241004436","Website infopmb.itpln.ac.id"
"241004439","Jejaring Sosial"
"241004439","Website infopmb.itpln.ac.id"
"241004440","Website infopmb.itpln.ac.id"
"241004441","Website infopmb.itpln.ac.id"
"241004441","Guru / Sekolah"
"241004442","Guru / Sekolah"
"241004443","Guru / Sekolah"
"241004444","Guru / Sekolah"
"241004444","Email / SMS Broadcast"
"241004444","Website Lain"
"241004444","Media Elektronik (Televisi, Radio)"
"241004444","Media Promosi Cetak (Poster, Flyer, Brosur)"
"241004444","Website infopmb.itpln.ac.id"
"241004444","Media Cetak (Surat Kabar, Koran, Majalah)"
"241004444","Jejaring Sosial"
"241004445","Teman "
"241004445","Jejaring Sosial"
"241004445","Guru / Sekolah"
"241004445","Website infopmb.itpln.ac.id"
"241004447","Jejaring Sosial"
"241004449","Forum Diskusi Online"
"241004451","Jejaring Sosial"
"241004452","Website infopmb.itpln.ac.id"
"241004455","Teman "
"241004456","Forum Diskusi Online"
"241004457","Guru / Sekolah"
"241004457","Jejaring Sosial"
"241004458","Website infopmb.itpln.ac.id"
"241004460","Jejaring Sosial"
"241004460","Guru / Sekolah"
"241004460","Teman "
"241004461","Jejaring Sosial"
"241004462","Website infopmb.itpln.ac.id"
"241004463","Teman "
"241004463","Website infopmb.itpln.ac.id"
"241004463","Forum Diskusi Online"
"241004465","Website infopmb.itpln.ac.id"
"241004466","Website infopmb.itpln.ac.id"
"241004467","Media Cetak (Surat Kabar, Koran, Majalah)"
"241004468","Jejaring Sosial"
"241004468","Website infopmb.itpln.ac.id"
"241004469","Jejaring Sosial"
"241004471","Guru / Sekolah"
"241004472","Spanduk"
"241004473","Website infopmb.itpln.ac.id"
"241004474","Website infopmb.itpln.ac.id"
"241004476","Teman "
"241004478","Jejaring Sosial"
"241004479","Teman "
"241004480","Teman "
"241004480","Guru / Sekolah"
"241004480","Jejaring Sosial"
"241004482","Jejaring Sosial"
"241004486","Website infopmb.itpln.ac.id"
"241004487","Jejaring Sosial"
"241004488","Teman "
"241004491","Teman "
"241004492","Teman "
"241004493","Website infopmb.itpln.ac.id"
"241004497","Website infopmb.itpln.ac.id"
"241004498","Teman "
"241004500","Website infopmb.itpln.ac.id"
"241004501","Jejaring Sosial"
"241004503","Media Cetak (Surat Kabar, Koran, Majalah)"
"241004504","Teman "
"241004505","Jejaring Sosial"
"241004508","Teman "
"241004509","Website infopmb.itpln.ac.id"
"241004510","Guru / Sekolah"
"241004510","Teman "
"241004510","Jejaring Sosial"
"241004512","Teman "
"241004513","Teman "
"241004513","Guru / Sekolah"
"241004514","Website infopmb.itpln.ac.id"
"241004515","Teman "
"241004516","Website infopmb.itpln.ac.id"
"241004517","Guru / Sekolah"
"241004518","Jejaring Sosial"
"241004519","Media Promosi Cetak (Poster, Flyer, Brosur)"
"241004522","Website infopmb.itpln.ac.id"
"241004523","Website infopmb.itpln.ac.id"
"241004523","Jejaring Sosial"
"241004525","Jejaring Sosial"
"241004527","Media Promosi Cetak (Poster, Flyer, Brosur)"
"241004528","Teman "
"241004529","Media Promosi Cetak (Poster, Flyer, Brosur)"
"241004530","Guru / Sekolah"
"241004535","Jejaring Sosial"
"241004538","Guru / Sekolah"
"241004538","Teman "
"241004538","Media Elektronik (Televisi, Radio)"
"241004541","Website infopmb.itpln.ac.id"
"241004541","Jejaring Sosial"
"241004541","Guru / Sekolah"
"241004544","Website infopmb.itpln.ac.id"
"241004546","Website infopmb.itpln.ac.id"
"241004547","Website infopmb.itpln.ac.id"
"241004548","Jejaring Sosial"
"241004550","Website infopmb.itpln.ac.id"
"241004553","Guru / Sekolah"
"241004553","Jejaring Sosial"
"241004553","Media Promosi Cetak (Poster, Flyer, Brosur)"
"241004553","Spanduk"
"241004554","Guru / Sekolah"
"241004555","Website infopmb.itpln.ac.id"
"241004557","Website infopmb.itpln.ac.id"
"241004558","Media Promosi Cetak (Poster, Flyer, Brosur)"
"241004561","Website infopmb.itpln.ac.id"
"241004561","Media Promosi Cetak (Poster, Flyer, Brosur)"
"241004562","Website Lain"
"241004566","Website infopmb.itpln.ac.id"
"241004567","Jejaring Sosial"
"241004569","Website infopmb.itpln.ac.id"
"241004570","Website Lain"
"241004570","Jejaring Sosial"
"241004571","Jejaring Sosial"
"241004573","Website Lain"
"241004573","Website infopmb.itpln.ac.id"
"241004573","Jejaring Sosial"
"241004574","Guru / Sekolah"
"241004575","Website infopmb.itpln.ac.id"
"241004576","Jejaring Sosial"
"241004580","Website infopmb.itpln.ac.id"
"241004583","Guru / Sekolah"
"241004583","Teman "
"241004584","Guru / Sekolah"
"241004587","Teman "
"241004590","Website infopmb.itpln.ac.id"
"241004590","Jejaring Sosial"
"241004591","Website infopmb.itpln.ac.id"
"241004591","Jejaring Sosial"
"241004592","Guru / Sekolah"
"241004594","Teman "
"241004595","Teman "
"241004596","Email / SMS Broadcast"
"241004597","Jejaring Sosial"
"241004598","Website infopmb.itpln.ac.id"
"241004598","Jejaring Sosial"
"241004598","Media Promosi Cetak (Poster, Flyer, Brosur)"
"241004600","Website infopmb.itpln.ac.id"
"241004604","Website infopmb.itpln.ac.id"
"241004606","Website infopmb.itpln.ac.id"
"241004606","Teman "
"241004606","Forum Diskusi Online"
"241004607","Teman "
"241004608","Teman "
"241004609","Website infopmb.itpln.ac.id"
"241004610","Website infopmb.itpln.ac.id"
"241004610","Jejaring Sosial"
"241004610","Forum Diskusi Online"
"241004611","Jejaring Sosial"
"241004612","Teman "
"241004613","Website infopmb.itpln.ac.id"
"241004613","Jejaring Sosial"
"241004614","Website infopmb.itpln.ac.id"
"241004615","Jejaring Sosial"
"241004616","Jejaring Sosial"
"241004617","Jejaring Sosial"
"241004617","Teman "
"241004618","Jejaring Sosial"
"241004619","Jejaring Sosial"
"241004620","Website infopmb.itpln.ac.id"
"241004623","Jejaring Sosial"
"241004624","Guru / Sekolah"
"241004625","Website infopmb.itpln.ac.id"
"241004627","Jejaring Sosial"
"241004627","Website Lain"
"241004629","Jejaring Sosial"
"241004630","Media Elektronik (Televisi, Radio)"
"241004630","Guru / Sekolah"
"241004632","Media Cetak (Surat Kabar, Koran, Majalah)"
"241004632","Website infopmb.itpln.ac.id"
"241004633","Forum Diskusi Online"
"241004633","Website infopmb.itpln.ac.id"
"241004633","Website Lain"
"241004636","Teman "
"241004636","Jejaring Sosial"
"241004636","Media Elektronik (Televisi, Radio)"
"241004636","Guru / Sekolah"
"241004637","Teman "
"241004638","Website infopmb.itpln.ac.id"
"241004639","Guru / Sekolah"
"241004640","Website infopmb.itpln.ac.id"
"241004641","Teman "
"241004641","Jejaring Sosial"
"241004642","Website infopmb.itpln.ac.id"
"241004645","Website infopmb.itpln.ac.id"
"241004646","Jejaring Sosial"
"241004650","Website infopmb.itpln.ac.id"
"241004651","Jejaring Sosial"
"241004651","Website Lain"
"241004651","Media Promosi Cetak (Poster, Flyer, Brosur)"
"241004652","Website infopmb.itpln.ac.id"
"241004654","Media Promosi Cetak (Poster, Flyer, Brosur)"
"241004654","Media Cetak (Surat Kabar, Koran, Majalah)"
"241004654","Website infopmb.itpln.ac.id"
"241004654","Jejaring Sosial"
"241004655","Teman "
"241004656","Teman "
"241004656","Media Promosi Cetak (Poster, Flyer, Brosur)"
"241004657","Guru / Sekolah"
"241004658","Website infopmb.itpln.ac.id"
"241004664","Teman "
"241004666","Jejaring Sosial"
"241004668","Teman "
"241004669","Teman "
"241004678","Website infopmb.itpln.ac.id"
"241004678","Teman "
"241004678","Jejaring Sosial"
"241004680","Website infopmb.itpln.ac.id"
"241004681","Website infopmb.itpln.ac.id"
"241004682","Jejaring Sosial"
"241004683","Website Lain"
"241004683","Website infopmb.itpln.ac.id"
"241004684","Website infopmb.itpln.ac.id"
"241004685","Media Elektronik (Televisi, Radio)"
"241004685","Jejaring Sosial"
"241004687","Jejaring Sosial"
"241004687","Website Lain"
"241004687","Website infopmb.itpln.ac.id"
"241004688","Website infopmb.itpln.ac.id"
"241004688","Media Elektronik (Televisi, Radio)"
"241004688","Guru / Sekolah"
"241004688","Teman "
"241004689","Teman "
"241004689","Website infopmb.itpln.ac.id"
"241004689","Jejaring Sosial"
"241004689","Guru / Sekolah"
"241004689","Forum Diskusi Online"
"241004690","Teman "
"241004691","Website infopmb.itpln.ac.id"
"241004691","Jejaring Sosial"
"241004692","Media Elektronik (Televisi, Radio)"
"241004692","Teman "
"241004692","Website infopmb.itpln.ac.id"
"241004694","Website infopmb.itpln.ac.id"
"241004694","Jejaring Sosial"
"241004694","Media Elektronik (Televisi, Radio)"
"241004697","Website infopmb.itpln.ac.id"
"241004700","Media Cetak (Surat Kabar, Koran, Majalah)"
"241004701","Media Promosi Cetak (Poster, Flyer, Brosur)"
"241004701","Teman "
"241004701","Guru / Sekolah"
"241004702","Teman "
"241004704","Website Lain"
"241004705","Website infopmb.itpln.ac.id"
"241004706","Media Elektronik (Televisi, Radio)"
"241004710","Website infopmb.itpln.ac.id"
"241004712","Jejaring Sosial"
"241004714","Website infopmb.itpln.ac.id"
"241004715","Jejaring Sosial"
"241004717","Website infopmb.itpln.ac.id"
"241004718","Website infopmb.itpln.ac.id"
"241004720","Website Lain"
"241004721","Jejaring Sosial"
"241004721","Teman "
"241004722","Teman "
"241004722","Guru / Sekolah"
"241004724","Guru / Sekolah"
"241004724","Media Cetak (Surat Kabar, Koran, Majalah)"
"241004726","Guru / Sekolah"
"241004726","Website infopmb.itpln.ac.id"
"241004727","Teman "
"241004731","Media Promosi Cetak (Poster, Flyer, Brosur)"
"241004732","Website infopmb.itpln.ac.id"
"241004733","Website infopmb.itpln.ac.id"
"241004737","Website infopmb.itpln.ac.id"
"241004737","Jejaring Sosial"
"241004738","Guru / Sekolah"
"241004738","Jejaring Sosial"
"241004738","Website infopmb.itpln.ac.id"
"241004741","Website infopmb.itpln.ac.id"
"241004743","Jejaring Sosial"
"241004744","Guru / Sekolah"
"241004745","Website Lain"
"241004745","Website infopmb.itpln.ac.id"
"241004746","Teman "
"241004747","Guru / Sekolah"
"241004750","Teman "
"241004753","Jejaring Sosial"
"241004753","Guru / Sekolah"
"241004754","Media Promosi Cetak (Poster, Flyer, Brosur)"
"241004755","Jejaring Sosial"
"241004758","Jejaring Sosial"
"241004759","Email / SMS Broadcast"
"241004759","Jejaring Sosial"
"241004760","Forum Diskusi Online"
"241004760","Guru / Sekolah"
"241004761","Jejaring Sosial"
"241004762","Website infopmb.itpln.ac.id"
"241004763","Guru / Sekolah"
"241004765","Teman "
"241004766","Teman "
"241004767","Website infopmb.itpln.ac.id"
"241004768","Website infopmb.itpln.ac.id"
"241004768","Jejaring Sosial"
"241004769","Teman "
"241004770","Website infopmb.itpln.ac.id"
"241004772","Guru / Sekolah"
"241004773","Media Promosi Cetak (Poster, Flyer, Brosur)"
"241004773","Website infopmb.itpln.ac.id"
"241004773","Jejaring Sosial"
"241004774","Website infopmb.itpln.ac.id"
"241004775","Website infopmb.itpln.ac.id"
"241004776","Guru / Sekolah"
"241004778","Website infopmb.itpln.ac.id"
"241004779","Website infopmb.itpln.ac.id"
"241004779","Teman "
"241004781","Guru / Sekolah"
"241004782","Website infopmb.itpln.ac.id"
"241004782","Guru / Sekolah"
"241004783","Teman "
"241004785","Media Promosi Cetak (Poster, Flyer, Brosur)"
"241004787","Teman "
"241004790","Website infopmb.itpln.ac.id"
"241004792","Website infopmb.itpln.ac.id"
"241004792","Teman "
"241004793","Website infopmb.itpln.ac.id"
"241004794","Media Promosi Cetak (Poster, Flyer, Brosur)"
"241004794","Guru / Sekolah"
"241004795","Website infopmb.itpln.ac.id"
"241004797","Website infopmb.itpln.ac.id"
"241004798","Guru / Sekolah"
"241004801","Jejaring Sosial"
"241004802","Website infopmb.itpln.ac.id"
"241004803","Website infopmb.itpln.ac.id"
"241004807","Website infopmb.itpln.ac.id"
"241004807","Media Cetak (Surat Kabar, Koran, Majalah)"
"241004808","Guru / Sekolah"
"241004809","Jejaring Sosial"
"241004811","Website infopmb.itpln.ac.id"
"241004811","Jejaring Sosial"
"241004812","Website infopmb.itpln.ac.id"
"241004813","Jejaring Sosial"
"241004814","Jejaring Sosial"
"241004815","Teman "
"241004815","Jejaring Sosial"
"241004816","Teman "
"241004818","Website infopmb.itpln.ac.id"
"241004818","Teman "
"241004819","Website infopmb.itpln.ac.id"
"241004820","Teman "
"241004820","Jejaring Sosial"
"241004820","Website infopmb.itpln.ac.id"
"241004821","Website infopmb.itpln.ac.id"
"241004822","Website infopmb.itpln.ac.id"
"241004823","Website Lain"
"241004824","Teman "
"241004826","Jejaring Sosial"
"241004827","Website infopmb.itpln.ac.id"
"241004829","Jejaring Sosial"
"241004830","Website infopmb.itpln.ac.id"
"241004830","Jejaring Sosial"
"241004831","Website infopmb.itpln.ac.id"
"241004832","Forum Diskusi Online"
"241004832","Media Cetak (Surat Kabar, Koran, Majalah)"
"241004832","Guru / Sekolah"
"241004833","Jejaring Sosial"
"241004834","Jejaring Sosial"
"241004835","Teman "
"241004836","Jejaring Sosial"
"241004836","Website Lain"
"241004837","Website infopmb.itpln.ac.id"
"241004838","Guru / Sekolah"
"241004839","Teman "
"241004840","Website Lain"
"241004842","Guru / Sekolah"
"241004843","Jejaring Sosial"
"241004843","Guru / Sekolah"
"241004843","Website infopmb.itpln.ac.id"
"241004844","Jejaring Sosial"
"241004845","Jejaring Sosial"
"241004846","Teman "
"241004847","Teman "
"241004847","Guru / Sekolah"
"241004847","Jejaring Sosial"
"241004849","Website infopmb.itpln.ac.id"
"241004852","Website infopmb.itpln.ac.id"
"241004853","Website infopmb.itpln.ac.id"
"241004855","Media Cetak (Surat Kabar, Koran, Majalah)"
"241004856","Teman "
"241004857","Teman "
"241004859","Website infopmb.itpln.ac.id"
"241004859","Media Promosi Cetak (Poster, Flyer, Brosur)"
"241004859","Website Lain"
"241004861","Teman "
"241004862","Website Lain"
"241004865","Website infopmb.itpln.ac.id"
"241004865","Jejaring Sosial"
"241004866","Website infopmb.itpln.ac.id"
"241004869","Website infopmb.itpln.ac.id"
"241004869","Jejaring Sosial"
"241004870","Teman "
"241004872","Jejaring Sosial"
"241004872","Website infopmb.itpln.ac.id"
"241004874","Teman "
"241004874","Guru / Sekolah"
"241004875","Forum Diskusi Online"
"241004875","Website infopmb.itpln.ac.id"
"241004875","Spanduk"
"241004876","Jejaring Sosial"
"241004877","Website infopmb.itpln.ac.id"
"241004877","Teman "
"241004877","Media Elektronik (Televisi, Radio)"
"241004878","Teman "
"241004878","Website infopmb.itpln.ac.id"
"241004879","Teman "
"241004879","Guru / Sekolah"
"241004881","Teman "
"241004882","Jejaring Sosial"
"241004883","Website infopmb.itpln.ac.id"
"241004883","Jejaring Sosial"
"241004883","Guru / Sekolah"
"241004886","Guru / Sekolah"
"241004888","Website Lain"
"241004888","Jejaring Sosial"
"241004888","Website infopmb.itpln.ac.id"
"241004888","Guru / Sekolah"
"241004888","Forum Diskusi Online"
"241004890","Website Lain"
"241004890","Jejaring Sosial"
"241004892","Guru / Sekolah"
"241004893","Media Promosi Cetak (Poster, Flyer, Brosur)"
"241004898","Guru / Sekolah"
"241004898","Website infopmb.itpln.ac.id"
"241004899","Guru / Sekolah"
"241004900","Media Cetak (Surat Kabar, Koran, Majalah)"
"241004901","Guru / Sekolah"
"241004902","Guru / Sekolah"
"241004903","Teman "
"241004903","Forum Diskusi Online"
"241004903","Guru / Sekolah"
"241004904","Teman "
"241004905","Guru / Sekolah"
"241004906","Guru / Sekolah"
"241004908","Teman "
"241004909","Jejaring Sosial"
"241004910","Teman "
"241004911","Media Promosi Cetak (Poster, Flyer, Brosur)"
"241004912","Media Elektronik (Televisi, Radio)"
"241004912","Website infopmb.itpln.ac.id"
"241004912","Media Promosi Cetak (Poster, Flyer, Brosur)"
"241004913","Guru / Sekolah"
"241004914","Jejaring Sosial"
"241004915","Website infopmb.itpln.ac.id"
"241004917","Teman "
"241004918","Teman "
"241004919","Website infopmb.itpln.ac.id"
"241004923","Website Lain"
"241004925","Guru / Sekolah"
"241004926","Website infopmb.itpln.ac.id"
"241004932","Media Promosi Cetak (Poster, Flyer, Brosur)"
"241004933","Teman "
"241004934","Teman "
"241004935","Website infopmb.itpln.ac.id"
"241004935","Teman "
"241004936","Jejaring Sosial"
"241004937","Website infopmb.itpln.ac.id"
"241004937","Jejaring Sosial"
"241004938","Website infopmb.itpln.ac.id"
"241004938","Teman "
"241004938","Jejaring Sosial"
"241004939","Website infopmb.itpln.ac.id"
"241004940","Jejaring Sosial"
"241004941","Guru / Sekolah"
"241004941","Jejaring Sosial"
"241004943","Website infopmb.itpln.ac.id"
"241004944","Website infopmb.itpln.ac.id"
"241004946","Website Lain"
"241004946","Website infopmb.itpln.ac.id"
"241004946","Email / SMS Broadcast"
"241004954","Guru / Sekolah"
"241004955","Website infopmb.itpln.ac.id"
"241004956","Website infopmb.itpln.ac.id"
"241004957","Teman "
"241004957","Website infopmb.itpln.ac.id"
"241004957","Media Elektronik (Televisi, Radio)"
"241004957","Guru / Sekolah"
"241004958","Teman "
"241004958","Jejaring Sosial"
"241004959","Jejaring Sosial"
"241004962","Teman "
"241004963","Guru / Sekolah"
"241004964","Teman "
"241004965","Jejaring Sosial"
"241004965","Website infopmb.itpln.ac.id"
"241004965","Teman "
"241004966","Website infopmb.itpln.ac.id"
"241004967","Website infopmb.itpln.ac.id"
"241004967","Website Lain"
"241004968","Jejaring Sosial"
"241004969","Jejaring Sosial"
"241004970","Media Elektronik (Televisi, Radio)"
"241004971","Website infopmb.itpln.ac.id"
"241004972","Website infopmb.itpln.ac.id"
"241004973","Guru / Sekolah"
"241004974","Teman "
"241004975","Website infopmb.itpln.ac.id"
"241004977","Website infopmb.itpln.ac.id"
"241004977","Guru / Sekolah"
"241004977","Teman "
"241004978","Website infopmb.itpln.ac.id"
"241004980","Guru / Sekolah"
"241004986","Teman "
"241004987","Jejaring Sosial"
"241004991","Jejaring Sosial"
"241004991","Forum Diskusi Online"
"241004991","Teman "
"241004995","Website infopmb.itpln.ac.id"
"241004995","Jejaring Sosial"
"241004996","Guru / Sekolah"
"241004997","Teman "
"241004998","Teman "
"241004999","Teman "
"241005001","Jejaring Sosial"
"241005001","Teman "
"241005002","Jejaring Sosial"
"241005003","Jejaring Sosial"
"241005003","Website infopmb.itpln.ac.id"
"241005004","Website infopmb.itpln.ac.id"
"241005005","Teman "
"241005009","Website infopmb.itpln.ac.id"
"241005010","Teman "
"241005011","Website infopmb.itpln.ac.id"
"241005012","Jejaring Sosial"
"241005013","Guru / Sekolah"
"241005013","Media Cetak (Surat Kabar, Koran, Majalah)"
"241005014","Teman "
"241005015","Website Lain"
"241005015","Website infopmb.itpln.ac.id"
"241005017","Website infopmb.itpln.ac.id"
"241005019","Website Lain"
"241005019","Website infopmb.itpln.ac.id"
"241005020","Website infopmb.itpln.ac.id"
"241005021","Website infopmb.itpln.ac.id"
"241005021","Media Elektronik (Televisi, Radio)"
"241005021","Media Promosi Cetak (Poster, Flyer, Brosur)"
"241005022","Guru / Sekolah"
"241005026","Media Elektronik (Televisi, Radio)"
"241005026","Guru / Sekolah"
"241005026","Jejaring Sosial"
"241005026","Teman "
"241005026","Website infopmb.itpln.ac.id"
"241005027","Website infopmb.itpln.ac.id"
"241005027","Media Elektronik (Televisi, Radio)"
"241005027","Jejaring Sosial"
"241005028","Website infopmb.itpln.ac.id"
"241005030","Jejaring Sosial"
"241005030","Website Lain"
"241005031","Guru / Sekolah"
"241005032","Website Lain"
"241005033","Media Elektronik (Televisi, Radio)"
"241005033","Jejaring Sosial"
"241005033","Media Cetak (Surat Kabar, Koran, Majalah)"
"241005034","Media Promosi Cetak (Poster, Flyer, Brosur)"
"241005037","Website infopmb.itpln.ac.id"
"241005038","Website infopmb.itpln.ac.id"
"241005039","Website infopmb.itpln.ac.id"
"241005041","Jejaring Sosial"
"241005041","Teman "
"241005042","Website Lain"
"241005042","Forum Diskusi Online"
"241005042","Jejaring Sosial"
"241005042","Teman "
"241005042","Website infopmb.itpln.ac.id"
"241005043","Email / SMS Broadcast"
"241005043","Jejaring Sosial"
"241005045","Website infopmb.itpln.ac.id"
"241005046","Teman "
"241005047","Jejaring Sosial"
"241005048","Teman "
"241005050","Website infopmb.itpln.ac.id"
"241005051","Teman "
"241005052","Guru / Sekolah"
"241005053","Media Promosi Cetak (Poster, Flyer, Brosur)"
"241005054","Teman "
"241005054","Jejaring Sosial"
"241005057","Website infopmb.itpln.ac.id"
"241005058","Website infopmb.itpln.ac.id"
"241005059","Jejaring Sosial"
"241005060","Teman "
"241005061","Website infopmb.itpln.ac.id"
"241005062","Jejaring Sosial"
"241005063","Guru / Sekolah"
"241005063","Jejaring Sosial"
"241005066","Teman "
"241005066","Jejaring Sosial"
"241005067","Website Lain"
"241005069","Jejaring Sosial"
"241005069","Teman "
"241005070","Teman "
"241005071","Jejaring Sosial"
"241005072","Teman "
"241005073","Website infopmb.itpln.ac.id"
"241005075","Jejaring Sosial"
"241005075","Media Elektronik (Televisi, Radio)"
"241005075","Teman "
"241005075","Website infopmb.itpln.ac.id"
"241005077","Website infopmb.itpln.ac.id"
"241005078","Website infopmb.itpln.ac.id"
"241005079","Website infopmb.itpln.ac.id"
"241005079","Jejaring Sosial"
"241005079","Website Lain"
"241005080","Website infopmb.itpln.ac.id"
"241005080","Media Cetak (Surat Kabar, Koran, Majalah)"
"241005080","Media Elektronik (Televisi, Radio)"
"241005082","Teman "
"241005082","Jejaring Sosial"
"241005084","Jejaring Sosial"
"241005084","Guru / Sekolah"
"241005085","Guru / Sekolah"
"241005085","Website infopmb.itpln.ac.id"
"241005085","Jejaring Sosial"
"241005086","Guru / Sekolah"
"241005086","Teman "
"241005087","Teman "
"241005087","Spanduk"
"241005087","Jejaring Sosial"
"241005087","Guru / Sekolah"
"241005087","Forum Diskusi Online"
"241005087","Website infopmb.itpln.ac.id"
"241005088","Media Promosi Cetak (Poster, Flyer, Brosur)"
"241005088","Website infopmb.itpln.ac.id"
"241005089","Website infopmb.itpln.ac.id"
"241005093","Website infopmb.itpln.ac.id"
"241005094","Website infopmb.itpln.ac.id"
"241005094","Jejaring Sosial"
"241005095","Website infopmb.itpln.ac.id"
"241005096","Jejaring Sosial"
"241005097","Media Elektronik (Televisi, Radio)"
"241005098","Website infopmb.itpln.ac.id"
"241005099","Jejaring Sosial"
"241005100","Jejaring Sosial"
"241005101","Website infopmb.itpln.ac.id"
"241005101","Jejaring Sosial"
"241005102","Media Elektronik (Televisi, Radio)"
"241005102","Website infopmb.itpln.ac.id"
"241005102","Jejaring Sosial"
"241005103","Website infopmb.itpln.ac.id"
"241005103","Jejaring Sosial"
"241005104","Guru / Sekolah"
"241005106","Jejaring Sosial"
"241005107","Teman "
"241005108","Website infopmb.itpln.ac.id"
"241005109","Media Promosi Cetak (Poster, Flyer, Brosur)"
"241005109","Website infopmb.itpln.ac.id"
"241005109","Jejaring Sosial"
"241005110","Jejaring Sosial"
"241005112","Website infopmb.itpln.ac.id"
"241005113","Website infopmb.itpln.ac.id"
"241005115","Teman "
"241005116","Guru / Sekolah"
"241005117","Website infopmb.itpln.ac.id"
"241005117","Teman "
"241005117","Website Lain"
"241005117","Media Elektronik (Televisi, Radio)"
"241005118","Jejaring Sosial"
"241005118","Website infopmb.itpln.ac.id"
"241005119","Jejaring Sosial"
"241005119","Teman "
"241005119","Media Promosi Cetak (Poster, Flyer, Brosur)"
"241005120","Website infopmb.itpln.ac.id"
"241005120","Guru / Sekolah"
"241005122","Jejaring Sosial"
"241005124","Website infopmb.itpln.ac.id"
"241005125","Teman "
"241005126","Jejaring Sosial"
"241005126","Guru / Sekolah"
"241005126","Teman "
"241005128","Media Elektronik (Televisi, Radio)"
"241005129","Website infopmb.itpln.ac.id"
"241005129","Jejaring Sosial"
"241005129","Media Promosi Cetak (Poster, Flyer, Brosur)"
"241005132","Media Elektronik (Televisi, Radio)"
"241005133","Jejaring Sosial"
"241005134","Website infopmb.itpln.ac.id"
"241005135","Email / SMS Broadcast"
"241005136","Jejaring Sosial"
"241005138","Teman "
"241005139","Jejaring Sosial"
"241005139","Website infopmb.itpln.ac.id"
"241005140","Jejaring Sosial"
"241005140","Teman "
"241005142","Guru / Sekolah"
"241005143","Website infopmb.itpln.ac.id"
"241005144","Media Promosi Cetak (Poster, Flyer, Brosur)"
"241005145","Teman "
"241005146","Jejaring Sosial"
"241005148","Guru / Sekolah"
"241005149","Guru / Sekolah"
"241005149","Teman "
"241005150","Guru / Sekolah"
"241005151","Guru / Sekolah"
"241005151","Teman "
"241005152","Jejaring Sosial"
"241005152","Website infopmb.itpln.ac.id"
"241005152","Guru / Sekolah"
"241005155","Teman "
"241005156","Website infopmb.itpln.ac.id"
"241005157","Website infopmb.itpln.ac.id"
"241005159","Website Lain"
"241005160","Jejaring Sosial"
"241005160","Website Lain"
"241005162","Teman "
"241005163","Media Promosi Cetak (Poster, Flyer, Brosur)"
"241005164","Website infopmb.itpln.ac.id"
"241005164","Website Lain"
"241005165","HIMDA"
"241005170","Jejaring Sosial"
"241005171","Jejaring Sosial"
"241005171","Guru / Sekolah"
"241005172","Jejaring Sosial"
"241005173","Jejaring Sosial"
"241005174","Guru / Sekolah"
"241005175","Jejaring Sosial"
"241005177","Teman "
"241005179","Website infopmb.itpln.ac.id"
"241005180","Jejaring Sosial"
"241005180","Teman "
"241005181","Jejaring Sosial"
"241005182","Teman "
"241005183","Teman "
"241005184","Guru / Sekolah"
"241005185","Website infopmb.itpln.ac.id"
"241005186","Website infopmb.itpln.ac.id"
"241005188","Jejaring Sosial"
"241005189","Jejaring Sosial"
"241005190","Jejaring Sosial"
"241005190","Teman "
"241005191","Guru / Sekolah"
"241005192","Website infopmb.itpln.ac.id"
"241005192","Jejaring Sosial"
"241005193","Teman "
"241005194","Jejaring Sosial"
"241005195","Website infopmb.itpln.ac.id"
"241005196","Teman "
"241005197","Guru / Sekolah"
"241005198","Website infopmb.itpln.ac.id"
"241005200","Website infopmb.itpln.ac.id"
"241005201","Website infopmb.itpln.ac.id"
"241005202","Jejaring Sosial"
"241005203","Jejaring Sosial"
"241005205","Website infopmb.itpln.ac.id"
"241005205","Jejaring Sosial"
"241005205","Media Elektronik (Televisi, Radio)"
"241005206","Teman "
"241005207","Media Promosi Cetak (Poster, Flyer, Brosur)"
"241005208","Forum Diskusi Online"
"241005209","Website infopmb.itpln.ac.id"
"241005210","Jejaring Sosial"
"241005211","Website infopmb.itpln.ac.id"
"241005212","Jejaring Sosial"
"241005213","Jejaring Sosial"
"241005217","Jejaring Sosial"
"241005218","Website infopmb.itpln.ac.id"
"241005218","Teman "
"241005218","Guru / Sekolah"
"241005218","Spanduk"
"241005219","Jejaring Sosial"
"241005219","Website Lain"
"241005219","Website infopmb.itpln.ac.id"
"241005220","Jejaring Sosial"
"241005221","Teman "
"241005222","Media Promosi Cetak (Poster, Flyer, Brosur)"
"241005222","Media Cetak (Surat Kabar, Koran, Majalah)"
"241005224","Media Elektronik (Televisi, Radio)"
"241005225","Jejaring Sosial"
"241005225","Website infopmb.itpln.ac.id"
"241005226","Jejaring Sosial"
"241005226","Teman "
"241005226","Website infopmb.itpln.ac.id"
"241005227","Teman "
"241005228","Jejaring Sosial"
"241005228","Media Cetak (Surat Kabar, Koran, Majalah)"
"241005228","Media Elektronik (Televisi, Radio)"
"241005229","Jejaring Sosial"
"241005229","Teman "
"241005229","Website infopmb.itpln.ac.id"
"241005232","Media Cetak (Surat Kabar, Koran, Majalah)"
"241005232","Jejaring Sosial"
"241005233","Teman "
"241005234","Website infopmb.itpln.ac.id"
"241005235","Jejaring Sosial"
"241005235","Teman "
"241005235","Website infopmb.itpln.ac.id"
"241005236","Guru / Sekolah"
"241005237","Website infopmb.itpln.ac.id"
"241005238","Media Elektronik (Televisi, Radio)"
"241005239","Website infopmb.itpln.ac.id"
"241005240","Website infopmb.itpln.ac.id"
"241005240","Media Promosi Cetak (Poster, Flyer, Brosur)"
"241005245","Website Lain"
"241005246","Jejaring Sosial"
"241005247","Website infopmb.itpln.ac.id"
"241005248","Website infopmb.itpln.ac.id"
"241005248","Media Promosi Cetak (Poster, Flyer, Brosur)"
"241005249","Teman "
"241005251","Website infopmb.itpln.ac.id"
"241005254","Jejaring Sosial"
"241005255","Website infopmb.itpln.ac.id"
"241005256","Website infopmb.itpln.ac.id"
"241005256","Media Elektronik (Televisi, Radio)"
"241005256","Media Promosi Cetak (Poster, Flyer, Brosur)"
"241005258","Website infopmb.itpln.ac.id"
"241005258","Jejaring Sosial"
"241005259","Teman "
"241005261","Jejaring Sosial"
"241005261","Website infopmb.itpln.ac.id"
"241005261","Website Lain"
"241005262","Media Elektronik (Televisi, Radio)"
"241005262","Teman "
"241005262","Jejaring Sosial"
"241005263","Jejaring Sosial"
"241005263","Media Cetak (Surat Kabar, Koran, Majalah)"
"241005265","Teman "
"241005266","Jejaring Sosial"
"241005267","Website infopmb.itpln.ac.id"
"241005268","Website infopmb.itpln.ac.id"
"241005269","Media Elektronik (Televisi, Radio)"
"241005270","Teman "
"241005271","Jejaring Sosial"
"241005271","Website infopmb.itpln.ac.id"
"241005271","Forum Diskusi Online"
"241005272","Website Lain"
"241005273","Website infopmb.itpln.ac.id"
"241005274","Teman "
"241005275","Teman "
"241005276","Teman "
"241005277","Website infopmb.itpln.ac.id"
"241005277","Guru / Sekolah"
"241005278","Guru / Sekolah"
"241005278","Website infopmb.itpln.ac.id"
"241005278","Jejaring Sosial"
"241005278","Teman "
"241005279","Jejaring Sosial"
"241005281","HIMDA"
"241005282","Website infopmb.itpln.ac.id"
"241005282","Website Lain"
"241005283","Guru / Sekolah"
"241005283","Teman "
"241005284","Teman "
"241005285","Jejaring Sosial"
"241005286","Email / SMS Broadcast"
"241005286","Forum Diskusi Online"
"241005286","Guru / Sekolah"
"241005286","Website infopmb.itpln.ac.id"
"241005286","HIMDA"
"241005286","Jejaring Sosial"
"241005286","Teman "
"241005286","Website Lain"
"241005286","Media Elektronik (Televisi, Radio)"
"241005286","Spanduk"
"241005286","Media Cetak (Surat Kabar, Koran, Majalah)"
"241005286","Media Promosi Cetak (Poster, Flyer, Brosur)"
"241005287","Website infopmb.itpln.ac.id"
"241005289","Website infopmb.itpln.ac.id"
"241005289","Teman "
"241005290","Teman "
"241005290","Jejaring Sosial"
"241005290","Website infopmb.itpln.ac.id"
"241005291","Media Promosi Cetak (Poster, Flyer, Brosur)"
"241005294","Media Cetak (Surat Kabar, Koran, Majalah)"
"241005295","Jejaring Sosial"
"241005295","Website Lain"
"241005296","Website infopmb.itpln.ac.id"
"241005296","Jejaring Sosial"
"241005296","Media Promosi Cetak (Poster, Flyer, Brosur)"
"241005297","Website infopmb.itpln.ac.id"
"241005297","Teman "
"241005299","Media Promosi Cetak (Poster, Flyer, Brosur)"
"241005299","Website infopmb.itpln.ac.id"
"241005299","Jejaring Sosial"
"241005299","Teman "
"241005301","Teman "
"241005303","Website infopmb.itpln.ac.id"
"241005304","Guru / Sekolah"
"241005305","Website Lain"
"241005305","Jejaring Sosial"
"241005309","Website infopmb.itpln.ac.id"
"241005309","Jejaring Sosial"
"241005311","Jejaring Sosial"
"241005314","Teman "
"241005315","Teman "
"241005315","Website infopmb.itpln.ac.id"
"241005316","Jejaring Sosial"
"241005317","Guru / Sekolah"
"241005318","Jejaring Sosial"
"241005320","Website infopmb.itpln.ac.id"
"241005321","Teman "
"241005324","Teman "
"241005325","Jejaring Sosial"
"241005325","Website infopmb.itpln.ac.id"
"241005326","Teman "
"241005328","Guru / Sekolah"
"241005329","Website infopmb.itpln.ac.id"
"241005330","Guru / Sekolah"
"241005330","Jejaring Sosial"
"241005331","Media Promosi Cetak (Poster, Flyer, Brosur)"
"241005332","Jejaring Sosial"
"241005333","Jejaring Sosial"
"241005335","Guru / Sekolah"
"241005337","Teman "
"241005338","Guru / Sekolah"
"241005339","Guru / Sekolah"
"241005340","Guru / Sekolah"
"241005341","Guru / Sekolah"
"241005342","Guru / Sekolah"
"241005343","Guru / Sekolah"
"241005344","Guru / Sekolah"
"241005345","Forum Diskusi Online"
"241005345","Jejaring Sosial"
"241005345","Media Cetak (Surat Kabar, Koran, Majalah)"
"241005346","Teman "
"241005346","Jejaring Sosial"
"241005347","Teman "
"241005349","Website infopmb.itpln.ac.id"
"241005349","Media Elektronik (Televisi, Radio)"
"241005350","Jejaring Sosial"
"241005351","Website Lain"
"241005352","Media Promosi Cetak (Poster, Flyer, Brosur)"
"241005352","Guru / Sekolah"
"241005353","Jejaring Sosial"
"241005353","Website infopmb.itpln.ac.id"
"241005353","Forum Diskusi Online"
"241005353","Guru / Sekolah"
"241005354","Website infopmb.itpln.ac.id"
"241005355","Media Promosi Cetak (Poster, Flyer, Brosur)"
"241005355","Jejaring Sosial"
"241005355","Website infopmb.itpln.ac.id"
"241005356","Teman "
"241005357","Media Cetak (Surat Kabar, Koran, Majalah)"
"241005358","Teman "
"241005358","Jejaring Sosial"
"241005359","Jejaring Sosial"
"241005360","Teman "
"241005361","Teman "
"241005361","Jejaring Sosial"
"241005361","Website infopmb.itpln.ac.id"
"241005361","Media Elektronik (Televisi, Radio)"
"241005362","Jejaring Sosial"
"241005363","Website infopmb.itpln.ac.id"
"241005364","Media Elektronik (Televisi, Radio)"
"241005365","Website infopmb.itpln.ac.id"
"241005366","Teman "
"241005367","Website infopmb.itpln.ac.id"
"241005367","Guru / Sekolah"
"241005367","Teman "
"241005367","Jejaring Sosial"
"241005367","Email / SMS Broadcast"
"241005368","Jejaring Sosial"
"241005369","Teman "
"241005370","Jejaring Sosial"
"241005371","Media Elektronik (Televisi, Radio)"
"241005371","Website infopmb.itpln.ac.id"
"241005372","Website infopmb.itpln.ac.id"
"241005373","Website infopmb.itpln.ac.id"
"241005374","Website infopmb.itpln.ac.id"
"241005375","Website infopmb.itpln.ac.id"
"241005376","Website infopmb.itpln.ac.id"
"241005377","Teman "
"241005379","Jejaring Sosial"
"241005380","Jejaring Sosial"
"241005380","Guru / Sekolah"
"241005381","Guru / Sekolah"
"241005382","Teman "
"241005383","Jejaring Sosial"
"241005383","Guru / Sekolah"
"241005384","Website Lain"
"241005385","Jejaring Sosial"
"241005385","Website infopmb.itpln.ac.id"
"241005386","Website infopmb.itpln.ac.id"
"241005389","Website Lain"
"241005389","Teman "
"241005391","Jejaring Sosial"
"241005393","Guru / Sekolah"
"241005394","Guru / Sekolah"
"241005394","Jejaring Sosial"
"241005394","Teman "
"241005395","Guru / Sekolah"
"241005396","Website infopmb.itpln.ac.id"
"241005397","Jejaring Sosial"
"241005399","Jejaring Sosial"
"241005403","Teman "
"241005403","Jejaring Sosial"
"241005405","Website infopmb.itpln.ac.id"
"241005406","Jejaring Sosial"
"241005407","Jejaring Sosial"
"241005409","Teman "
"241005412","Teman "
"241005412","Jejaring Sosial"
"241005413","Media Elektronik (Televisi, Radio)"
"241005414","Teman "
"241005415","Teman "
"241005416","Teman "
"241005418","Website infopmb.itpln.ac.id"
"241005419","Jejaring Sosial"
"241005420","Guru / Sekolah"
"241005421","Website Lain"
"241005422","Teman "
"241005423","Website infopmb.itpln.ac.id"
"241005425","Jejaring Sosial"
"241005425","Teman "
"241005425","Website infopmb.itpln.ac.id"
"241005426","Media Promosi Cetak (Poster, Flyer, Brosur)"
"241005428","Teman "
"241005429","Jejaring Sosial"
"241005430","Website infopmb.itpln.ac.id"
"241005431","Website infopmb.itpln.ac.id"
"241005432","Media Promosi Cetak (Poster, Flyer, Brosur)"
"241005433","Jejaring Sosial"
"241005434","Jejaring Sosial"
"241005436","Teman "
"241005437","Website Lain"
"241005438","Media Elektronik (Televisi, Radio)"
"241005438","Website infopmb.itpln.ac.id"
"241005438","Jejaring Sosial"
"241005439","Teman "
"241005439","Guru / Sekolah"
"241005440","Website infopmb.itpln.ac.id"
"241005440","Jejaring Sosial"
"241005440","Website Lain"
"241005441","Jejaring Sosial"
"241005442","Website infopmb.itpln.ac.id"
"241005443","Website infopmb.itpln.ac.id"
"241005444","Jejaring Sosial"
"241005444","Spanduk"
"241005445","Guru / Sekolah"
"241005445","Website infopmb.itpln.ac.id"
"241005446","Guru / Sekolah"
"241005448","Website infopmb.itpln.ac.id"
"241005449","Website infopmb.itpln.ac.id"
"241005450","Jejaring Sosial"
"241005452","Guru / Sekolah"
"241005452","Jejaring Sosial"
"241005452","Teman "
"241005453","Guru / Sekolah"
"241005453","Jejaring Sosial"
"241005453","Teman "
"241005454","Website infopmb.itpln.ac.id"
"241005455","Website infopmb.itpln.ac.id"
"241005457","Media Promosi Cetak (Poster, Flyer, Brosur)"
"241005458","Forum Diskusi Online"
"241005458","Jejaring Sosial"
"241005458","Guru / Sekolah"
"241005458","Teman "
"241005460","Guru / Sekolah"
"241005461","Guru / Sekolah"
"241005462","Teman "
"241005463","Website infopmb.itpln.ac.id"
"241005465","Media Elektronik (Televisi, Radio)"
"241005465","Teman "
"241005465","Jejaring Sosial"
"241005466","Guru / Sekolah"
"241005466","Jejaring Sosial"
"241005466","Website infopmb.itpln.ac.id"
"241005466","Teman "
"241005467","Jejaring Sosial"
"241005469","Website infopmb.itpln.ac.id"
"241005471","Teman "
"241005472","Media Promosi Cetak (Poster, Flyer, Brosur)"
"241005473","Website infopmb.itpln.ac.id"
"241005473","Jejaring Sosial"
"241005474","Media Promosi Cetak (Poster, Flyer, Brosur)"
"241005474","Jejaring Sosial"
"241005476","Website Lain"
"241005476","Jejaring Sosial"
"241005476","Website infopmb.itpln.ac.id"
"241005477","Guru / Sekolah"
"241005477","Teman "
"241005478","Media Elektronik (Televisi, Radio)"
"241005479","Guru / Sekolah"
"241005480","Jejaring Sosial"
"241005480","Media Promosi Cetak (Poster, Flyer, Brosur)"
"241005481","Jejaring Sosial"
"241005483","Media Promosi Cetak (Poster, Flyer, Brosur)"
"241005484","Teman "
"241005484","Jejaring Sosial"
"241005486","Teman "
"241005486","Jejaring Sosial"
"241005486","Website infopmb.itpln.ac.id"
"241005487","Guru / Sekolah"
"241005487","Website infopmb.itpln.ac.id"
"241005487","Teman "
"241005488","Teman "
"241005490","Website infopmb.itpln.ac.id"
"241005491","Teman "
"241005492","Media Promosi Cetak (Poster, Flyer, Brosur)"
"241005493","Website infopmb.itpln.ac.id"
"241005494","Teman "
"241005494","Jejaring Sosial"
"241005495","Teman "
"241005496","Teman "
"241005498","Teman "
"241005498","Guru / Sekolah"
"241005499","Website infopmb.itpln.ac.id"
"241005499","Guru / Sekolah"
"241005499","Jejaring Sosial"
"241005500","Jejaring Sosial"
"241005501","Jejaring Sosial"
"241005502","Jejaring Sosial"
"241005503","Website infopmb.itpln.ac.id"
"241005503","Jejaring Sosial"
"241005506","Website infopmb.itpln.ac.id"
"241005507","Media Promosi Cetak (Poster, Flyer, Brosur)"
"241005507","Website infopmb.itpln.ac.id"
"241005512","Jejaring Sosial"
"241005512","Website infopmb.itpln.ac.id"
"241005513","Website infopmb.itpln.ac.id"
"241005514","Guru / Sekolah"
"241005515","Jejaring Sosial"
"241005516","Website infopmb.itpln.ac.id"
"241005517","Media Cetak (Surat Kabar, Koran, Majalah)"
"241005517","Teman "
"241005517","Jejaring Sosial"
"241005517","Media Elektronik (Televisi, Radio)"
"241005518","Jejaring Sosial"
"241005520","Website infopmb.itpln.ac.id"
"241005521","Teman "
"241005523","Jejaring Sosial"
"241005525","Website infopmb.itpln.ac.id"
"241005527","Guru / Sekolah"
"241005530","Teman "
"241005531","Website infopmb.itpln.ac.id"
"241005532","Teman "
"241005532","Media Promosi Cetak (Poster, Flyer, Brosur)"
"241005532","Jejaring Sosial"
"241005532","Website Lain"
"241005533","Website infopmb.itpln.ac.id"
"241005534","Website infopmb.itpln.ac.id"
"241005534","Teman "
"241005535","Website infopmb.itpln.ac.id"
"241005535","Media Promosi Cetak (Poster, Flyer, Brosur)"
"241005535","Website Lain"
"241005537","Teman "
"241005538","Forum Diskusi Online"
"241005538","Teman "
"241005538","Jejaring Sosial"
"241005539","Jejaring Sosial"
"241005540","Jejaring Sosial"
"241005540","Teman "
"241005541","Website infopmb.itpln.ac.id"
"241005542","Teman "
"241005543","Teman "
"241005544","Jejaring Sosial"
"241005545","Website infopmb.itpln.ac.id"
"241005545","Forum Diskusi Online"
"241005545","Teman "
"241005545","Jejaring Sosial"
"241005546","Forum Diskusi Online"
"241005548","Guru / Sekolah"
"241005549","Jejaring Sosial"
"241005549","Website Lain"
"241005549","Guru / Sekolah"
"241005550","Jejaring Sosial"
"241005551","Teman "
"241005552","Media Elektronik (Televisi, Radio)"
"241005552","Website infopmb.itpln.ac.id"
"241005552","Media Promosi Cetak (Poster, Flyer, Brosur)"
"241005553","Website infopmb.itpln.ac.id"
"241005554","Jejaring Sosial"
"241005554","Website infopmb.itpln.ac.id"
"241005555","Jejaring Sosial"
"241005556","Media Cetak (Surat Kabar, Koran, Majalah)"
"241005557","Jejaring Sosial"
"241005558","Jejaring Sosial"
"241005559","Website infopmb.itpln.ac.id"
"241005560","Jejaring Sosial"
"241005562","Guru / Sekolah"
"241005563","Teman "
"241005564","Website infopmb.itpln.ac.id"
"241005565","Jejaring Sosial"
"241005566","Jejaring Sosial"
"241005567","Media Elektronik (Televisi, Radio)"
"241005568","Jejaring Sosial"
"241005569","Jejaring Sosial"
"241005570","Teman "
"241005571","Website infopmb.itpln.ac.id"
"241005571","Jejaring Sosial"
"241005572","Website infopmb.itpln.ac.id"
"241005572","Jejaring Sosial"
"241005572","Teman "
"241005575","Jejaring Sosial"
"241005576","Jejaring Sosial"
"241005576","Media Cetak (Surat Kabar, Koran, Majalah)"
"241005576","Media Elektronik (Televisi, Radio)"
"241005576","Website Lain"
"241005578","Guru / Sekolah"
"241005578","Jejaring Sosial"
"241005578","Teman "
"241005579","Website infopmb.itpln.ac.id"
"241005580","Website infopmb.itpln.ac.id"
"241005581","Website infopmb.itpln.ac.id"
"241005583","Jejaring Sosial"
"241005583","Website infopmb.itpln.ac.id"
"241005583","Teman "
"241005584","Teman "
"241005585","Teman "
"241005586","Guru / Sekolah"
"241005586","Jejaring Sosial"
"241005588","Website infopmb.itpln.ac.id"
"241005590","Guru / Sekolah"
"241005591","Teman "
"241005592","Website infopmb.itpln.ac.id"
"241005593","Jejaring Sosial"
"241005593","Website infopmb.itpln.ac.id"
"241005593","Guru / Sekolah"
"241005593","Teman "
"241005594","Jejaring Sosial"
"241005595","Jejaring Sosial"
"241005597","Jejaring Sosial"
"241005597","Media Elektronik (Televisi, Radio)"
"241005598","Website infopmb.itpln.ac.id"
"241005600","Website infopmb.itpln.ac.id"
"241005600","Jejaring Sosial"
"241005601","Jejaring Sosial"
"241005602","Website Lain"
"241005602","Jejaring Sosial"
"241005602","Teman "
"241005604","Media Elektronik (Televisi, Radio)"
"241005604","Website infopmb.itpln.ac.id"
"241005604","Jejaring Sosial"
"241005605","Jejaring Sosial"
"241005605","Guru / Sekolah"
"241005605","Website infopmb.itpln.ac.id"
"241005605","Teman "
"241005607","Forum Diskusi Online"
"241005607","Jejaring Sosial"
"241005607","Guru / Sekolah"
"241005607","Website infopmb.itpln.ac.id"
"241005607","Teman "
"241005609","Jejaring Sosial"
"241005609","Website infopmb.itpln.ac.id"
"241005611","Jejaring Sosial"
"241005613","Teman "
"241005614","Website infopmb.itpln.ac.id"
"241005615","Website infopmb.itpln.ac.id"
"241005617","Jejaring Sosial"
"241005617","Website infopmb.itpln.ac.id"
"241005617","Teman "
"241005618","Website infopmb.itpln.ac.id"
"241005618","Jejaring Sosial"
"241005619","Media Cetak (Surat Kabar, Koran, Majalah)"
"241005619","Website infopmb.itpln.ac.id"
"241005620","Teman "
"241005621","Website Lain"
"241005622","Teman "
"241005624","Teman "
"241005624","Website infopmb.itpln.ac.id"
"241005625","Teman "
"241005626","Media Promosi Cetak (Poster, Flyer, Brosur)"
"241005626","Jejaring Sosial"
"241005626","Website infopmb.itpln.ac.id"
"241005627","Website infopmb.itpln.ac.id"
"241005628","Website infopmb.itpln.ac.id"
"241005628","Teman "
"241005629","Website infopmb.itpln.ac.id"
"241005629","Teman "
"241005630","Jejaring Sosial"
"241005632","Teman "
"241005632","Website infopmb.itpln.ac.id"
"241005632","Media Promosi Cetak (Poster, Flyer, Brosur)"
"241005632","Jejaring Sosial"
"241005633","Teman "
"241005633","Jejaring Sosial"
"241005634","Jejaring Sosial"
"241005635","Guru / Sekolah"
"241005636","Jejaring Sosial"
"241005637","Teman "
"241005639","Media Promosi Cetak (Poster, Flyer, Brosur)"
"241005640","Teman "
"241005641","Teman "
"241005641","Guru / Sekolah"
"241005642","Jejaring Sosial"
"241005644","Jejaring Sosial"
"241005644","Website infopmb.itpln.ac.id"
"241005645","Website infopmb.itpln.ac.id"
"241005646","Jejaring Sosial"
"241005647","Website infopmb.itpln.ac.id"
"241005648","Teman "
"241005649","Website infopmb.itpln.ac.id"
"241005650","Website infopmb.itpln.ac.id"
"241005651","Forum Diskusi Online"
"241005651","Jejaring Sosial"
"241005651","Media Promosi Cetak (Poster, Flyer, Brosur)"
"241005651","Teman "
"241005651","Website infopmb.itpln.ac.id"
"241005652","Website infopmb.itpln.ac.id"
"241005653","Media Elektronik (Televisi, Radio)"
"241005654","Teman "
"241005655","Website infopmb.itpln.ac.id"
"241005655","Jejaring Sosial"
"241005656","Jejaring Sosial"
"241005657","Forum Diskusi Online"
"241005657","Website infopmb.itpln.ac.id"
"241005658","Teman "
"241005659","Jejaring Sosial"
"241005659","Website infopmb.itpln.ac.id"
"241005660","Website infopmb.itpln.ac.id"
"241005661","Guru / Sekolah"
"241005662","Teman "
"241005663","Website Lain"
"241005664","Website infopmb.itpln.ac.id"
"241005664","Teman "
"241005665","Jejaring Sosial"
"241005668","Website infopmb.itpln.ac.id"
"241005669","Website infopmb.itpln.ac.id"
"241005669","Teman "
"241005669","Guru / Sekolah"
"241005669","Jejaring Sosial"
"241005670","Teman "
"241005670","Website infopmb.itpln.ac.id"
"241005672","Jejaring Sosial"
"241005674","Website infopmb.itpln.ac.id"
"241005675","Teman "
"241005676","Website infopmb.itpln.ac.id"
"241005676","Website Lain"
"241005676","Jejaring Sosial"
"241005676","Teman "
"241005677","Jejaring Sosial"
"241005679","Teman "
"241005680","Media Promosi Cetak (Poster, Flyer, Brosur)"
"241005680","Website infopmb.itpln.ac.id"
"241005680","Teman "
"241005681","Media Cetak (Surat Kabar, Koran, Majalah)"
"241005681","Website infopmb.itpln.ac.id"
"241005682","Website Lain"
"241005682","Teman "
"241005682","Jejaring Sosial"
"241005683","Website infopmb.itpln.ac.id"
"241005684","Media Promosi Cetak (Poster, Flyer, Brosur)"
"241005685","Website Lain"
"241005685","Website infopmb.itpln.ac.id"
"241005686","Jejaring Sosial"
"241005686","Website infopmb.itpln.ac.id"
"241005687","Website infopmb.itpln.ac.id"
"241005688","Media Elektronik (Televisi, Radio)"
"241005688","Teman "
"241005690","Media Elektronik (Televisi, Radio)"
"241005692","Teman "
"241005693","Website infopmb.itpln.ac.id"
"241005694","Teman "
"241005695","Jejaring Sosial"
"241005696","Website infopmb.itpln.ac.id"
"241005696","Jejaring Sosial"
"241005698","Teman "
"241005700","Website infopmb.itpln.ac.id"
"241005701","Website infopmb.itpln.ac.id"
"241005704","Website infopmb.itpln.ac.id"
"241005706","Teman "
"241005708","Guru / Sekolah"
"241005709","Jejaring Sosial"
"241005710","Jejaring Sosial"
"241005712","Teman "
"241005714","Jejaring Sosial"
"241005715","Guru / Sekolah"
"241005716","Guru / Sekolah"
"241005716","Jejaring Sosial"
"241005716","Website infopmb.itpln.ac.id"
"241005717","Website infopmb.itpln.ac.id"
"241005717","Guru / Sekolah"
"241005717","Jejaring Sosial"
"241005717","Teman "
"241005718","Jejaring Sosial"
"241005720","Website infopmb.itpln.ac.id"
"241005721","Media Promosi Cetak (Poster, Flyer, Brosur)"
"241005722","Jejaring Sosial"
"241005723","Jejaring Sosial"
"241005724","Teman "
"241005725","Teman "
"241005725","Forum Diskusi Online"
"241005725","Jejaring Sosial"
"241005727","Jejaring Sosial"
"241005727","Media Elektronik (Televisi, Radio)"
"241005729","Website infopmb.itpln.ac.id"
"241005732","Website infopmb.itpln.ac.id"
"241005732","Jejaring Sosial"
"241005734","Jejaring Sosial"
"241005736","Jejaring Sosial"
"241005737","Website infopmb.itpln.ac.id"
"241005740","Website Lain"
"241005742","Website infopmb.itpln.ac.id"
"241005743","Jejaring Sosial"
"241005743","Teman "
"241005743","Media Elektronik (Televisi, Radio)"
"241005743","Website infopmb.itpln.ac.id"
"241005743","Guru / Sekolah"
"241005744","Website infopmb.itpln.ac.id"
"241005745","Guru / Sekolah"
"241005746","Jejaring Sosial"
"241005748","Website infopmb.itpln.ac.id"
"241005749","Jejaring Sosial"
"241005749","Website infopmb.itpln.ac.id"
"241005750","Teman "
"241005751","Media Elektronik (Televisi, Radio)"
"241005751","Jejaring Sosial"
"241005752","Teman "
"241005753","Website infopmb.itpln.ac.id"
"241005757","Guru / Sekolah"
"241005758","Guru / Sekolah"
"241005760","Jejaring Sosial"
"241005761","Jejaring Sosial"
"241005761","Teman "
"241005762","Media Promosi Cetak (Poster, Flyer, Brosur)"
"241005762","Jejaring Sosial"
"241005762","Website infopmb.itpln.ac.id"
"241005764","Jejaring Sosial"
"241005765","Jejaring Sosial"
"241005766","Jejaring Sosial"
"241005768","Jejaring Sosial"
"241005770","Jejaring Sosial"
"241005771","Jejaring Sosial"
"241005772","Teman "
"241005773","Jejaring Sosial"
"241005774","Teman "
"241005775","Media Promosi Cetak (Poster, Flyer, Brosur)"
"241005776","Teman "
"241005776","Jejaring Sosial"
"241005777","Website Lain"
"241005778","Website infopmb.itpln.ac.id"
"241005779","Jejaring Sosial"
"241005779","Teman "
"241005780","Jejaring Sosial"
"241005781","Guru / Sekolah"
"241005782","Website infopmb.itpln.ac.id"
"241005783","Guru / Sekolah"
"241005784","Media Elektronik (Televisi, Radio)"
"241005785","Website infopmb.itpln.ac.id"
"241005787","Teman "
"241005787","Media Cetak (Surat Kabar, Koran, Majalah)"
"241005789","Website infopmb.itpln.ac.id"
"241005790","Media Elektronik (Televisi, Radio)"
"241005790","Jejaring Sosial"
"241005790","Website infopmb.itpln.ac.id"
"241005792","Website infopmb.itpln.ac.id"
"241005793","Website infopmb.itpln.ac.id"
"241005794","Media Cetak (Surat Kabar, Koran, Majalah)"
"241005795","Website infopmb.itpln.ac.id"
"241005796","Jejaring Sosial"
"241005797","Jejaring Sosial"
"241005798","Jejaring Sosial"
"241005798","Website infopmb.itpln.ac.id"
"241005799","Teman "
"241005799","Jejaring Sosial"
"241005799","Website infopmb.itpln.ac.id"
"241005800","Jejaring Sosial"
"241005800","Website Lain"
"241005801","Media Promosi Cetak (Poster, Flyer, Brosur)"
"241005801","Media Cetak (Surat Kabar, Koran, Majalah)"
"241005801","Teman "
"241005801","Jejaring Sosial"
"241005802","Media Cetak (Surat Kabar, Koran, Majalah)"
"241005803","Website infopmb.itpln.ac.id"
"241005804","Teman "
"241005805","Media Cetak (Surat Kabar, Koran, Majalah)"
"241005806","Website infopmb.itpln.ac.id"
"241005807","HIMDA"
"241005808","Website infopmb.itpln.ac.id"
"241005808","Forum Diskusi Online"
"241005810","Jejaring Sosial"
"241005811","Website infopmb.itpln.ac.id"
"241005812","Media Cetak (Surat Kabar, Koran, Majalah)"
"241005812","Teman "
"241005812","Website infopmb.itpln.ac.id"
"241005814","Media Promosi Cetak (Poster, Flyer, Brosur)"
"241005814","Website infopmb.itpln.ac.id"
"241005814","Media Cetak (Surat Kabar, Koran, Majalah)"
"241005816","Guru / Sekolah"
"241005818","Jejaring Sosial"
"241005820","Teman "
"241005821","Jejaring Sosial"
"241005822","Website infopmb.itpln.ac.id"
"241005822","Jejaring Sosial"
"241005822","Media Elektronik (Televisi, Radio)"
"241005823","Jejaring Sosial"
"241005823","Media Elektronik (Televisi, Radio)"
"241005823","Website infopmb.itpln.ac.id"
"241005824","Jejaring Sosial"
"241005825","Teman "
"241005827","Teman "
"241005828","Teman "
"241005829","Media Promosi Cetak (Poster, Flyer, Brosur)"
"241005829","Media Cetak (Surat Kabar, Koran, Majalah)"
"241005830","Jejaring Sosial"
"241005831","Media Promosi Cetak (Poster, Flyer, Brosur)"
"241005832","Teman "
"241005834","Website infopmb.itpln.ac.id"
"241005835","Jejaring Sosial"
"241005836","Teman "
"241005837","Jejaring Sosial"
"241005837","Teman "
"241005838","Website infopmb.itpln.ac.id"
"241005839","Teman "
"241005841","Website infopmb.itpln.ac.id"
"241005842","Teman "
"241005843","Guru / Sekolah"
"241005844","Website infopmb.itpln.ac.id"
"241005845","Teman "
"241005846","Teman "
"241005847","Jejaring Sosial"
"241005848","Jejaring Sosial"
"241005848","Website infopmb.itpln.ac.id"
"241005849","Website Lain"
"241005849","Jejaring Sosial"
"241005851","Jejaring Sosial"
"241005851","Website infopmb.itpln.ac.id"
"241005852","Website infopmb.itpln.ac.id"
"241005852","Teman "
"241005854","Teman "
"241005855","Teman "
"241005856","Website infopmb.itpln.ac.id"
"241005857","Jejaring Sosial"
"241005858","Forum Diskusi Online"
"241005858","Teman "
"241005859","Website infopmb.itpln.ac.id"
"241005860","Media Promosi Cetak (Poster, Flyer, Brosur)"
"241005861","Jejaring Sosial"
"241005861","Website infopmb.itpln.ac.id"
"241005862","Jejaring Sosial"
"241005863","Teman "
"241005864","Teman "
"241005865","Website infopmb.itpln.ac.id"
"241005866","Website infopmb.itpln.ac.id"
"241005866","Media Cetak (Surat Kabar, Koran, Majalah)"
"241005866","Media Elektronik (Televisi, Radio)"
"241005866","Guru / Sekolah"
"241005866","Teman "
"241005867","Guru / Sekolah"
"241005868","Media Cetak (Surat Kabar, Koran, Majalah)"
"241005868","Website Lain"
"241005868","Jejaring Sosial"
"241005869","Website infopmb.itpln.ac.id"
"241005869","Website Lain"
"241005869","Jejaring Sosial"
"241005870","Media Cetak (Surat Kabar, Koran, Majalah)"
"241005871","Website infopmb.itpln.ac.id"
"241005872","Jejaring Sosial"
"241005874","Jejaring Sosial"
"241005875","Website infopmb.itpln.ac.id"
"241005876","Jejaring Sosial"
"241005877","Jejaring Sosial"
"241005877","Website infopmb.itpln.ac.id"
"241005877","Website Lain"
"241005877","Guru / Sekolah"
"241005878","Teman "
"241005879","Website infopmb.itpln.ac.id"
"241005881","Teman "
"241005884","Website infopmb.itpln.ac.id"
"241005885","Jejaring Sosial"
"241005888","Guru / Sekolah"
"241005889","Guru / Sekolah"
"241005890","Jejaring Sosial"
"241005892","Media Cetak (Surat Kabar, Koran, Majalah)"
"241005892","Media Promosi Cetak (Poster, Flyer, Brosur)"
"241005893","Website infopmb.itpln.ac.id"
"241005893","Website Lain"
"241005893","Jejaring Sosial"
"241005894","Website infopmb.itpln.ac.id"
"241005895","Teman "
"241005896","Jejaring Sosial"
"241005896","Website infopmb.itpln.ac.id"
"241005896","Guru / Sekolah"
"241005897","Teman "
"241005898","Jejaring Sosial"
"241005899","Teman "
"241005900","Guru / Sekolah"
"241005901","Email / SMS Broadcast"
"241005901","Website infopmb.itpln.ac.id"
"241005904","Teman "
"241005905","Jejaring Sosial"
"241005906","Teman "
"241005907","Teman "
"241005909","Jejaring Sosial"
"241005910","Website infopmb.itpln.ac.id"
"241005911","Teman "
"241005912","Website infopmb.itpln.ac.id"
"241005912","Media Promosi Cetak (Poster, Flyer, Brosur)"
"241005913","Website infopmb.itpln.ac.id"
"241005914","Website infopmb.itpln.ac.id"
"241005916","Website infopmb.itpln.ac.id"
"241005917","Website infopmb.itpln.ac.id"
"241005918","Website infopmb.itpln.ac.id"
"241005919","Jejaring Sosial"
"241005920","Website Lain"
"241005920","Media Promosi Cetak (Poster, Flyer, Brosur)"
"241005920","Jejaring Sosial"
"241005922","Guru / Sekolah"
"241005923","Teman "
"241005924","Media Elektronik (Televisi, Radio)"
"241005924","Jejaring Sosial"
"241005925","Website infopmb.itpln.ac.id"
"241005926","Teman "
"241005926","Jejaring Sosial"
"241005927","Teman "
"241005928","Website infopmb.itpln.ac.id"
"241005929","Jejaring Sosial"
"241005931","Teman "
"241005932","Teman "
"241005933","Website infopmb.itpln.ac.id"
"241005934","Jejaring Sosial"
"241005935","Website infopmb.itpln.ac.id"
"241005935","Jejaring Sosial"
"241005936","Email / SMS Broadcast"
"241005937","Jejaring Sosial"
"241005937","Teman "
"241005937","Website infopmb.itpln.ac.id"
"241005938","Website infopmb.itpln.ac.id"
"241005939","Teman "
"241005940","Jejaring Sosial"
"241005941","Website infopmb.itpln.ac.id"
"241005942","Website infopmb.itpln.ac.id"
"241005943","Website Lain"
"241005944","Teman "
"241005944","Guru / Sekolah"
"241005945","Website infopmb.itpln.ac.id"
"241005945","Media Promosi Cetak (Poster, Flyer, Brosur)"
"241005946","Jejaring Sosial"
"241005947","Jejaring Sosial"
"241005947","Website Lain"
"241005948","Media Elektronik (Televisi, Radio)"
"241005949","Website infopmb.itpln.ac.id"
"241005951","Teman "
"241005951","Website Lain"
"241005952","Website infopmb.itpln.ac.id"
"241005954","Jejaring Sosial"
"241005955","Website infopmb.itpln.ac.id"
"241005956","Guru / Sekolah"
"241005957","Website infopmb.itpln.ac.id"
"241005958","Jejaring Sosial"
"241005958","Website infopmb.itpln.ac.id"
"241005959","Jejaring Sosial"
"241005960","Website Lain"
"241005962","Teman "
"241005964","Teman "
"241005965","Website infopmb.itpln.ac.id"
"241005966","Teman "
"241005967","Media Elektronik (Televisi, Radio)"
"241005967","Website infopmb.itpln.ac.id"
"241005968","Website infopmb.itpln.ac.id"
"241005969","Website infopmb.itpln.ac.id"
"241005971","Media Promosi Cetak (Poster, Flyer, Brosur)"
"241005972","Teman "
"241005973","Jejaring Sosial"
"241005973","Website infopmb.itpln.ac.id"
"241005973","Media Promosi Cetak (Poster, Flyer, Brosur)"
"241005974","Teman "
"241005975","Website Lain"
"241005975","Website infopmb.itpln.ac.id"
"241005975","Teman "
"241005976","Website infopmb.itpln.ac.id"
"241005977","Website infopmb.itpln.ac.id"
"241005978","Jejaring Sosial"
"241005979","Website infopmb.itpln.ac.id"
"241005980","Website infopmb.itpln.ac.id"
"241005980","Guru / Sekolah"
"241005982","Website infopmb.itpln.ac.id"
"241005984","Jejaring Sosial"
"241005984","Website infopmb.itpln.ac.id"
"241005985","Jejaring Sosial"
"241005986","Media Elektronik (Televisi, Radio)"
"241005987","Teman "
"241005988","Teman "
"241005989","Media Elektronik (Televisi, Radio)"
"241005989","Website infopmb.itpln.ac.id"
"241005990","Media Elektronik (Televisi, Radio)"
"241005991","Website infopmb.itpln.ac.id"
"241005991","Media Promosi Cetak (Poster, Flyer, Brosur)"
"241005992","Website infopmb.itpln.ac.id"
"241005993","Jejaring Sosial"
"241005994","Guru / Sekolah"
"241005996","Jejaring Sosial"
"241005997","Jejaring Sosial"
"241005998","Website infopmb.itpln.ac.id"
"241005998","Media Elektronik (Televisi, Radio)"
"241005999","Website infopmb.itpln.ac.id"
"241006000","Website infopmb.itpln.ac.id"
"241006000","Jejaring Sosial"
"241006001","Website infopmb.itpln.ac.id"
"241006003","Media Promosi Cetak (Poster, Flyer, Brosur)"
"241006004","Teman "
"241006005","Website Lain"
"241006005","Jejaring Sosial"
"241006006","Website infopmb.itpln.ac.id"
"241006008","Media Promosi Cetak (Poster, Flyer, Brosur)"
"241006008","Teman "
"241006008","Jejaring Sosial"
"241006009","Website Lain"
"241006010","Teman "
"241006011","Website infopmb.itpln.ac.id"
"241006012","Media Cetak (Surat Kabar, Koran, Majalah)"
"241006012","Website infopmb.itpln.ac.id"
"241006012","Website Lain"
"241006012","Teman "
"241006013","Media Elektronik (Televisi, Radio)"
"241006014","Website infopmb.itpln.ac.id"
"241006015","Website infopmb.itpln.ac.id"
"241006017","Guru / Sekolah"
"241006018","Guru / Sekolah"
"241006019","Website infopmb.itpln.ac.id"
"241006021","Jejaring Sosial"
"241006021","Website infopmb.itpln.ac.id"
"241006022","Jejaring Sosial"
"241006022","Teman "
"241006024","Website infopmb.itpln.ac.id"
"241006026","Website infopmb.itpln.ac.id"
"241006027","Jejaring Sosial"
"241006027","Teman "
"241006027","Website Lain"
"241006027","Website infopmb.itpln.ac.id"
"241006028","Teman "
"241006028","Jejaring Sosial"
"241006029","Jejaring Sosial"
"241006029","Teman "
"241006030","Media Promosi Cetak (Poster, Flyer, Brosur)"
"241006030","Website infopmb.itpln.ac.id"
"241006031","Teman "
"241006032","Website infopmb.itpln.ac.id"
"241006037","Website Lain"
"241006039","Teman "
"241006039","Jejaring Sosial"
"241006041","Jejaring Sosial"
"241006042","Website infopmb.itpln.ac.id"
"241006044","Forum Diskusi Online"
"241006047","Teman "
"241006047","Jejaring Sosial"
"241006047","Website infopmb.itpln.ac.id"
"241006048","Website infopmb.itpln.ac.id"
"241006052","Jejaring Sosial"
"241006054","Teman "
"241006055","Website infopmb.itpln.ac.id"
"241006058","Website Lain"
"241006058","Media Elektronik (Televisi, Radio)"
"241006059","Website infopmb.itpln.ac.id"
"241006059","Teman "
"241006059","Jejaring Sosial"
"241006060","Media Promosi Cetak (Poster, Flyer, Brosur)"
"241006060","Jejaring Sosial"
"241006060","Teman "
"241006062","Teman "
"241006063","Website infopmb.itpln.ac.id"
"241006066","Website Lain"
"241006066","Jejaring Sosial"
"241006066","Website infopmb.itpln.ac.id"
"241006068","Website infopmb.itpln.ac.id"
"241006069","Jejaring Sosial"
"241006070","Website infopmb.itpln.ac.id"
"241006071","Jejaring Sosial"
"241006071","Website infopmb.itpln.ac.id"
"241006071","Media Elektronik (Televisi, Radio)"
"241006072","Jejaring Sosial"
"241006074","Website infopmb.itpln.ac.id"
"241006075","Website infopmb.itpln.ac.id"
"241006078","Teman "
"241006079","Jejaring Sosial"
"241006080","Guru / Sekolah"
"241006081","Jejaring Sosial"
"241006085","Guru / Sekolah"
"241006086","Website infopmb.itpln.ac.id"
"241006087","Media Promosi Cetak (Poster, Flyer, Brosur)"
"241006088","Website infopmb.itpln.ac.id"
"241006088","Teman "
"241006091","Email / SMS Broadcast"
"241006092","Guru / Sekolah"
"241006092","Teman "
"241006095","Teman "
"241006095","Media Cetak (Surat Kabar, Koran, Majalah)"
"241006097","Website infopmb.itpln.ac.id"
"241006100","Teman "
"241006100","Jejaring Sosial"
"241006101","Website infopmb.itpln.ac.id"
"241006102","Jejaring Sosial"
"241006103","Website infopmb.itpln.ac.id"
"241006104","Guru / Sekolah"
"241006105","Jejaring Sosial"
"241006106","Guru / Sekolah"
"241006107","Jejaring Sosial"
"241006108","Website infopmb.itpln.ac.id"
"241006108","Website Lain"
"241006108","Guru / Sekolah"
"241006108","Forum Diskusi Online"
"241006108","Jejaring Sosial"
"241006113","Media Elektronik (Televisi, Radio)"
"241006114","Jejaring Sosial"
"241006115","Media Cetak (Surat Kabar, Koran, Majalah)"
"241006118","Jejaring Sosial"
"241006120","Forum Diskusi Online"
"241006122","Jejaring Sosial"
"241006123","Jejaring Sosial"
"241006124","Website infopmb.itpln.ac.id"
"241006125","Website infopmb.itpln.ac.id"
"241006125","Jejaring Sosial"
"241006126","Website infopmb.itpln.ac.id"
"241006128","Jejaring Sosial"
"241006128","Teman "
"241006129","Website infopmb.itpln.ac.id"
"241006130","Website infopmb.itpln.ac.id"
"241006130","Jejaring Sosial"
"241006130","Website Lain"
"241006131","Website infopmb.itpln.ac.id"
"241006133","Forum Diskusi Online"
"241006133","Website infopmb.itpln.ac.id"
"241006133","Jejaring Sosial"
"241006139","Website infopmb.itpln.ac.id"
"241006140","Forum Diskusi Online"
"241006140","Jejaring Sosial"
"241006140","Website Lain"
"241006143","Teman "
"241006144","Jejaring Sosial"
"241006144","Media Cetak (Surat Kabar, Koran, Majalah)"
"241006144","Teman "
"241006146","Teman "
"241006148","Website infopmb.itpln.ac.id"
"241006149","Guru / Sekolah"
"241006149","Teman "
"241006149","Jejaring Sosial"
"241006150","Website infopmb.itpln.ac.id"
"241006150","Jejaring Sosial"
"241006151","Media Promosi Cetak (Poster, Flyer, Brosur)"
"241006153","Teman "
"241006154","Website infopmb.itpln.ac.id"
"241006160","Website infopmb.itpln.ac.id"
"241006161","Website infopmb.itpln.ac.id"
"241006161","Jejaring Sosial"
"241006163","Guru / Sekolah"
"241006165","Website infopmb.itpln.ac.id"
"241006167","Jejaring Sosial"
"241006167","Teman "
"241006167","Website infopmb.itpln.ac.id"
"241006167","Website Lain"
"241006169","Website infopmb.itpln.ac.id"
"241006170","Media Promosi Cetak (Poster, Flyer, Brosur)"
"241006171","Website Lain"
"241006172","Website infopmb.itpln.ac.id"
"241006172","Teman "
"241006175","Guru / Sekolah"
"241006177","Website infopmb.itpln.ac.id"
"241006178","Website infopmb.itpln.ac.id"
"241006181","Website infopmb.itpln.ac.id"
"241006181","Jejaring Sosial"
"241006181","Teman "
"241006182","Website infopmb.itpln.ac.id"
"241006183","Website infopmb.itpln.ac.id"
"241006184","Email / SMS Broadcast"
"241006184","Teman "
"241006184","Website Lain"
"241006185","Website infopmb.itpln.ac.id"
"241006187","Website infopmb.itpln.ac.id"
"241006187","Jejaring Sosial"
"241006187","Guru / Sekolah"
"241006187","Teman "
"241006188","Jejaring Sosial"
"241006188","Guru / Sekolah"
"241006189","Website infopmb.itpln.ac.id"
"241006189","Jejaring Sosial"
"241006189","Teman "
"241006190","Website infopmb.itpln.ac.id"
"241006192","Website infopmb.itpln.ac.id"
"241006193","Jejaring Sosial"
"241006195","Jejaring Sosial"
"241006196","Website infopmb.itpln.ac.id"
"241006197","Jejaring Sosial"
"241006199","Website infopmb.itpln.ac.id"
"241006200","Website infopmb.itpln.ac.id"
"241006201","Guru / Sekolah"
"241006205","Media Elektronik (Televisi, Radio)"
"241006206","Teman "
"241006208","Teman "
"241006208","Guru / Sekolah"
"241006208","Jejaring Sosial"
"241006210","Media Promosi Cetak (Poster, Flyer, Brosur)"
"241006211","Jejaring Sosial"
"241006213","Teman "
"241006214","Website infopmb.itpln.ac.id"
"241006217","Guru / Sekolah"
"241006218","Teman "
"241006221","Jejaring Sosial"
"241006223","Teman "
"241006223","Guru / Sekolah"
"241006224","Website infopmb.itpln.ac.id"
"241006225","Website infopmb.itpln.ac.id"
"241006226","Media Elektronik (Televisi, Radio)"
"241006228","Website infopmb.itpln.ac.id"
"241006231","Website infopmb.itpln.ac.id"
"241006231","Jejaring Sosial"
"241006232","Website infopmb.itpln.ac.id"
"241006234","Website infopmb.itpln.ac.id"
"241006234","Media Promosi Cetak (Poster, Flyer, Brosur)"
"241006236","Teman "
"241006237","Website infopmb.itpln.ac.id"
"241006238","Jejaring Sosial"
"241006238","Forum Diskusi Online"
"241006239","Website infopmb.itpln.ac.id"
"241006240","Website Lain"
"241006240","Media Elektronik (Televisi, Radio)"
"241006240","Website infopmb.itpln.ac.id"
"241006240","Teman "
"241006240","Forum Diskusi Online"
"241006240","Jejaring Sosial"
"241006240","Guru / Sekolah"
"241006241","Jejaring Sosial"
"241006242","Media Promosi Cetak (Poster, Flyer, Brosur)"
"241006243","Website infopmb.itpln.ac.id"
"241006244","Website infopmb.itpln.ac.id"
"241006245","Jejaring Sosial"
"241006246","Teman "
"241006249","Website infopmb.itpln.ac.id"
"241006250","Website infopmb.itpln.ac.id"
"241006250","Teman "
"241006251","Website infopmb.itpln.ac.id"
"241006252","Jejaring Sosial"
"241006253","Jejaring Sosial"
"241006255","Website infopmb.itpln.ac.id"
"241006255","Teman "
"241006255","Guru / Sekolah"
"241006257","Guru / Sekolah"
"241006258","Teman "
"241006260","Jejaring Sosial"
"241006261","Forum Diskusi Online"
"241006261","Website infopmb.itpln.ac.id"
"241006264","Jejaring Sosial"
"241006265","Media Elektronik (Televisi, Radio)"
"241006270","Teman "
"241006271","Website infopmb.itpln.ac.id"
"241006272","Teman "
"241006273","Jejaring Sosial"
"241006273","Teman "
"241006273","Website infopmb.itpln.ac.id"
"241006274","Website infopmb.itpln.ac.id"
"241006275","Jejaring Sosial"
"241006278","Teman "
"241006279","Website infopmb.itpln.ac.id"
"241006282","Teman "
"241006287","Website infopmb.itpln.ac.id"
"241006287","Media Promosi Cetak (Poster, Flyer, Brosur)"
"241006290","Website infopmb.itpln.ac.id"
"241006292","Jejaring Sosial"
"241006293","Teman "
"241006293","Jejaring Sosial"
"241006297","Media Cetak (Surat Kabar, Koran, Majalah)"
"241006298","Jejaring Sosial"
"241006300","Jejaring Sosial"
"241006301","Website infopmb.itpln.ac.id"
"241006302","Jejaring Sosial"
"241006302","Website infopmb.itpln.ac.id"
"241006303","Jejaring Sosial"
"241006303","Website infopmb.itpln.ac.id"
"241006304","Teman "
"241006305","Jejaring Sosial"
"241006305","Website infopmb.itpln.ac.id"
"241006305","Website Lain"
"241006310","Website infopmb.itpln.ac.id"
"241006310","Media Promosi Cetak (Poster, Flyer, Brosur)"
"241006310","Media Cetak (Surat Kabar, Koran, Majalah)"
"241006312","Jejaring Sosial"
"241006313","Teman "
"241006315","Media Promosi Cetak (Poster, Flyer, Brosur)"
"241006315","Website infopmb.itpln.ac.id"
"241006315","Teman "
"241006317","Guru / Sekolah"
"241006318","Website infopmb.itpln.ac.id"
"241006319","Website Lain"
"241006320","Jejaring Sosial"
"241006322","Teman "
"241006325","Website infopmb.itpln.ac.id"
"241006325","Teman "
"241006326","Website infopmb.itpln.ac.id"
"241006327","Website Lain"
"241006328","Jejaring Sosial"
"241006328","Guru / Sekolah"
"241006328","Forum Diskusi Online"
"241006329","Jejaring Sosial"
"241006332","Jejaring Sosial"
"241006335","Website infopmb.itpln.ac.id"
"241006342","Teman "
"241006345","Teman "
"241006346","Jejaring Sosial"
"241006346","Website infopmb.itpln.ac.id"
"241006347","Website infopmb.itpln.ac.id"
"241006350","Website Lain"
"241006353","Website infopmb.itpln.ac.id"
"241006360","Jejaring Sosial"
"241006362","Jejaring Sosial"
"241006364","Website infopmb.itpln.ac.id"
"241006365","Jejaring Sosial"
"241006366","Media Cetak (Surat Kabar, Koran, Majalah)"
"241006368","Jejaring Sosial"
"241006369","Jejaring Sosial"
"241006369","Website infopmb.itpln.ac.id"
"241006370","Jejaring Sosial"
"241006370","Media Promosi Cetak (Poster, Flyer, Brosur)"
"241006370","Website infopmb.itpln.ac.id"
"241006370","Spanduk"
"241006371","Website infopmb.itpln.ac.id"
"241006372","Media Elektronik (Televisi, Radio)"
"241006372","Media Promosi Cetak (Poster, Flyer, Brosur)"
"241006372","Media Cetak (Surat Kabar, Koran, Majalah)"
"241006374","Jejaring Sosial"
"241006374","Website Lain"
"241006374","Website infopmb.itpln.ac.id"
"241006375","Teman "
"241006377","Website infopmb.itpln.ac.id"
"241006378","Jejaring Sosial"
"241006379","Jejaring Sosial"
"241006379","Media Promosi Cetak (Poster, Flyer, Brosur)"
"241006379","Teman "
"241006380","Website infopmb.itpln.ac.id"
"241006381","Jejaring Sosial"
"241006383","Jejaring Sosial"
"241006384","Website infopmb.itpln.ac.id"
"241006385","Jejaring Sosial"
"241006385","Guru / Sekolah"
"241006387","Guru / Sekolah"
"241006388","Website infopmb.itpln.ac.id"
"241006390","Jejaring Sosial"
"241006390","Website infopmb.itpln.ac.id"
"241006391","Website Lain"
"241006391","Jejaring Sosial"
"241006391","Website infopmb.itpln.ac.id"
"241006391","Forum Diskusi Online"
"241006392","Website infopmb.itpln.ac.id"
"241006393","Teman "
"241006396","Teman "
"241006397","Website infopmb.itpln.ac.id"
"241006397","Teman "
"241006398","Website infopmb.itpln.ac.id"
"241006404","Website infopmb.itpln.ac.id"
"241006405","Teman "
"241006406","Media Promosi Cetak (Poster, Flyer, Brosur)"
"241006408","Guru / Sekolah"
"241006412","Website infopmb.itpln.ac.id"
"241006413","Website infopmb.itpln.ac.id"
"241006414","Jejaring Sosial"
"241006416","Website infopmb.itpln.ac.id"
"241006418","Jejaring Sosial"
"241006419","Website Lain"
"241006419","Jejaring Sosial"
"241006420","Teman "
"241006421","Teman "
"241006422","Website infopmb.itpln.ac.id"
"241006422","Teman "
"241006424","Jejaring Sosial"
"241006425","Jejaring Sosial"
"241006426","Jejaring Sosial"
"241006426","Teman "
"241006427","Website infopmb.itpln.ac.id"
"241006428","Media Elektronik (Televisi, Radio)"
"241006429","Guru / Sekolah"
"241006429","Website infopmb.itpln.ac.id"
"241006429","Jejaring Sosial"
"241006429","Teman "
"241006433","Website Lain"
"241006433","Forum Diskusi Online"
"241006436","Website infopmb.itpln.ac.id"
"241006436","Teman "
"241006436","Jejaring Sosial"
"241006437","Jejaring Sosial"
"241006438","Teman "
"241006439","Website Lain"
"241006439","Media Elektronik (Televisi, Radio)"
"241006440","Jejaring Sosial"
"241006441","Jejaring Sosial"
"241006442","Teman "
"241006443","Teman "
"241006444","Website infopmb.itpln.ac.id"
"241006445","Teman "
"241006445","Media Elektronik (Televisi, Radio)"
"241006445","Jejaring Sosial"
"241006445","Website infopmb.itpln.ac.id"
"241006446","Website infopmb.itpln.ac.id"
"241006446","Guru / Sekolah"
"241006446","Jejaring Sosial"
"241006447","Website Lain"
"241006448","Website infopmb.itpln.ac.id"
"241006449","Jejaring Sosial"
"241006450","Website infopmb.itpln.ac.id"
"241006451","Website infopmb.itpln.ac.id"
"241006452","Teman "
"241006457","Jejaring Sosial"
"241006457","Website infopmb.itpln.ac.id"
"241006459","Jejaring Sosial"
"241006460","Jejaring Sosial"
"241006461","Media Elektronik (Televisi, Radio)"
"241006462","Jejaring Sosial"
"241006462","Website infopmb.itpln.ac.id"
"241006462","Media Cetak (Surat Kabar, Koran, Majalah)"
"241006463","Jejaring Sosial"
"241006467","Jejaring Sosial"
"241006468","Forum Diskusi Online"
"241006468","Media Elektronik (Televisi, Radio)"
"241006468","Guru / Sekolah"
"241006468","Website Lain"
"241006468","Website infopmb.itpln.ac.id"
"241006468","HIMDA"
"241006468","Media Promosi Cetak (Poster, Flyer, Brosur)"
"241006468","Media Cetak (Surat Kabar, Koran, Majalah)"
"241006468","Teman "
"241006468","Spanduk"
"241006468","Jejaring Sosial"
"241006469","Jejaring Sosial"
"241006469","Teman "
"241006469","Media Elektronik (Televisi, Radio)"
"241006469","Email / SMS Broadcast"
"241006469","Website infopmb.itpln.ac.id"
"241006469","Media Promosi Cetak (Poster, Flyer, Brosur)"
"241006469","Media Cetak (Surat Kabar, Koran, Majalah)"
"241006470","Media Promosi Cetak (Poster, Flyer, Brosur)"
"241006470","Jejaring Sosial"
"241006472","Guru / Sekolah"
"241006474","Teman "
"241006475","Jejaring Sosial"
"241006477","Website infopmb.itpln.ac.id"
"241006478","Teman "
"241006478","Forum Diskusi Online"
"241006478","Website infopmb.itpln.ac.id"
"241006481","Website infopmb.itpln.ac.id"
"241006483","Forum Diskusi Online"
"241006484","Jejaring Sosial"
"241006485","Media Promosi Cetak (Poster, Flyer, Brosur)"
"241006485","Teman "
"241006486","Media Elektronik (Televisi, Radio)"
"241006487","Website infopmb.itpln.ac.id"
"241006488","Teman "
"241006489","Website infopmb.itpln.ac.id"
"241006490","Website infopmb.itpln.ac.id"
"241006492","Website infopmb.itpln.ac.id"
"241006493","Jejaring Sosial"
"241006493","Website infopmb.itpln.ac.id"
"241006493","Forum Diskusi Online"
"241006494","Email / SMS Broadcast"
"241006496","Teman "
"241006497","Jejaring Sosial"
"241006497","Website infopmb.itpln.ac.id"
"241006498","Jejaring Sosial"
"241006508","Guru / Sekolah"
"241006511","Jejaring Sosial"
"241006511","Teman "
"241006512","Teman "
"241006513","Media Elektronik (Televisi, Radio)"
"241006513","Jejaring Sosial"
"241006514","Jejaring Sosial"
"241006514","Teman "
"241006516","Website infopmb.itpln.ac.id"
"241006517","Website infopmb.itpln.ac.id"
"241006518","Jejaring Sosial"
"241006518","Website Lain"
"241006520","Website infopmb.itpln.ac.id"
"241006522","Teman "
"241006524","Website infopmb.itpln.ac.id"
"241006525","Teman "
"241006525","Jejaring Sosial"
"241006525","Media Promosi Cetak (Poster, Flyer, Brosur)"
"241006526","Jejaring Sosial"
"241006527","Website infopmb.itpln.ac.id"
"241006529","Jejaring Sosial"
"241006530","Teman "
"241006531","Forum Diskusi Online"
"241006532","Media Elektronik (Televisi, Radio)"
"241006533","Website infopmb.itpln.ac.id"
"241006533","Guru / Sekolah"
"241006534","Teman "
"241006535","Website infopmb.itpln.ac.id"
"241006536","Teman "
"241006538","Teman "
"241006538","Website infopmb.itpln.ac.id"
"241006540","Guru / Sekolah"
"241006540","Website infopmb.itpln.ac.id"
"241006541","Jejaring Sosial"
"241006543","Jejaring Sosial"
"241006544","Jejaring Sosial"
"241006545","Website infopmb.itpln.ac.id"
"241006547","Website infopmb.itpln.ac.id"
"241006548","Website infopmb.itpln.ac.id"
"241006549","Teman "
"241006550","Jejaring Sosial"
"241006550","Teman "
"241006551","Jejaring Sosial"
"241006551","Website infopmb.itpln.ac.id"
"241006552","Website infopmb.itpln.ac.id"
"241006552","Guru / Sekolah"
"241006552","Jejaring Sosial"
"241006552","Teman "
"241006552","Media Promosi Cetak (Poster, Flyer, Brosur)"
"241006553","Teman "
"241006555","Teman "
"241006555","Jejaring Sosial"
"241006557","Jejaring Sosial"
"241006557","Forum Diskusi Online"
"241006558","Website infopmb.itpln.ac.id"
"241006559","Website infopmb.itpln.ac.id"
"241006559","Teman "
"241006559","Website Lain"
"241006560","Jejaring Sosial"
"241006561","Teman "
"241006561","Media Promosi Cetak (Poster, Flyer, Brosur)"
"241006562","Website infopmb.itpln.ac.id"
"241006563","Jejaring Sosial"
"241006564","Website infopmb.itpln.ac.id"
"241006566","Jejaring Sosial"
"241006566","Website Lain"
"241006566","Website infopmb.itpln.ac.id"
"241006567","Website infopmb.itpln.ac.id"
"241006567","Jejaring Sosial"
"241006570","Website Lain"
"241006570","Jejaring Sosial"
"241006572","Teman "
"241006573","Jejaring Sosial"
"241006573","Website infopmb.itpln.ac.id"
"241006574","Website infopmb.itpln.ac.id"
"241006575","Jejaring Sosial"
"241006576","Jejaring Sosial"
"241006577","Website infopmb.itpln.ac.id"
"241006577","Website Lain"
"241006577","Jejaring Sosial"
"241006578","Website infopmb.itpln.ac.id"
"241006580","Teman "
"241006581","Jejaring Sosial"
"241006585","Guru / Sekolah"
"241006586","Teman "
"241006588","Website infopmb.itpln.ac.id"
"241006588","Jejaring Sosial"
"241006588","Forum Diskusi Online"
"241006590","Forum Diskusi Online"
"241006590","Teman "
"241006591","Jejaring Sosial"
"241006592","Media Elektronik (Televisi, Radio)"
"241006593","Jejaring Sosial"
"241006594","Teman "
"241006594","Jejaring Sosial"
"241006594","Media Cetak (Surat Kabar, Koran, Majalah)"
"241006596","Jejaring Sosial"
"241006598","Media Cetak (Surat Kabar, Koran, Majalah)"
"241006598","Jejaring Sosial"
"241006599","Website infopmb.itpln.ac.id"
"241006601","Teman "
"241006602","Guru / Sekolah"
"241006603","Jejaring Sosial"
"241006604","Jejaring Sosial"
"241006606","Website infopmb.itpln.ac.id"
"241006608","Jejaring Sosial"
"241006609","Forum Diskusi Online"
"241006609","Website infopmb.itpln.ac.id"
"241006610","Website infopmb.itpln.ac.id"
"241006612","Jejaring Sosial"
"241006613","Website infopmb.itpln.ac.id"
"241006615","Website infopmb.itpln.ac.id"
"241006616","Jejaring Sosial"
"241006616","Guru / Sekolah"
"241006616","Teman "
"241006616","Website infopmb.itpln.ac.id"
"241006616","Media Elektronik (Televisi, Radio)"
"241006618","Jejaring Sosial"
"241006619","Website infopmb.itpln.ac.id"
"241006621","Teman "
"241006621","Website Lain"
"241006622","Website infopmb.itpln.ac.id"
"241006622","Jejaring Sosial"
"241006622","Media Promosi Cetak (Poster, Flyer, Brosur)"
"241006622","Website Lain"
"241006623","Website infopmb.itpln.ac.id"
"241006624","Website infopmb.itpln.ac.id"
"241006626","Website infopmb.itpln.ac.id"
"241006626","Jejaring Sosial"
"241006627","Teman "
"241006628","Guru / Sekolah"
"241006629","Guru / Sekolah"
"241006629","Website infopmb.itpln.ac.id"
"241006629","Jejaring Sosial"
"241006631","Jejaring Sosial"
"241006632","Teman "
"241006632","Website Lain"
"241006633","Jejaring Sosial"
"241006634","Website Lain"
"241006635","Website infopmb.itpln.ac.id"
"241006636","Media Elektronik (Televisi, Radio)"
"241006637","Media Cetak (Surat Kabar, Koran, Majalah)"
"241006637","Teman "
"241006639","Teman "
"241006640","Website Lain"
"241006641","Jejaring Sosial"
"241006642","Website infopmb.itpln.ac.id"
"241006643","Teman "
"241006644","Teman "
"241006645","Website infopmb.itpln.ac.id"
"241006646","Teman "
"241006649","Jejaring Sosial"
"241006650","Jejaring Sosial"
"241006650","Website infopmb.itpln.ac.id"
"241006650","Teman "
"241006653","Media Promosi Cetak (Poster, Flyer, Brosur)"
"241006654","Forum Diskusi Online"
"241006655","Media Cetak (Surat Kabar, Koran, Majalah)"
"241006655","Media Promosi Cetak (Poster, Flyer, Brosur)"
"241006655","Media Elektronik (Televisi, Radio)"
"241006655","Website infopmb.itpln.ac.id"
"241006655","Teman "
"241006656","Teman "
"241006658","Jejaring Sosial"
"241006659","Media Promosi Cetak (Poster, Flyer, Brosur)"
"241006659","Guru / Sekolah"
"241006659","Teman "
"241006660","Media Cetak (Surat Kabar, Koran, Majalah)"
"241006660","Website infopmb.itpln.ac.id"
"241006660","Guru / Sekolah"
"241006661","Jejaring Sosial"
"241006661","Website infopmb.itpln.ac.id"
"241006662","Jejaring Sosial"
"241006663","Teman "
"241006664","Guru / Sekolah"
"241006665","Website infopmb.itpln.ac.id"
"241006666","Jejaring Sosial"
"241006667","Guru / Sekolah"
"241006668","Website infopmb.itpln.ac.id"
"241006671","Jejaring Sosial"
"241006671","Website infopmb.itpln.ac.id"
"241006671","Guru / Sekolah"
"241006671","Teman "
"241006674","Jejaring Sosial"
"241006674","Website infopmb.itpln.ac.id"
"241006675","Website infopmb.itpln.ac.id"
"241006676","Website infopmb.itpln.ac.id"
"241006676","Jejaring Sosial"
"241006676","Forum Diskusi Online"
"241006677","Media Cetak (Surat Kabar, Koran, Majalah)"
"241006677","Website infopmb.itpln.ac.id"
"241006677","Website Lain"
"241006679","Website infopmb.itpln.ac.id"
"241006680","Website infopmb.itpln.ac.id"
"241006680","Teman "
"241006681","Teman "
"241006682","Jejaring Sosial"
"241006683","Website infopmb.itpln.ac.id"
"241006686","Website infopmb.itpln.ac.id"
"241006686","Teman "
"241006688","Guru / Sekolah"
"241006690","Jejaring Sosial"
"241006690","Website infopmb.itpln.ac.id"
"241006691","Jejaring Sosial"
"241006691","Website infopmb.itpln.ac.id"
"241006693","Website infopmb.itpln.ac.id"
"241006693","Media Elektronik (Televisi, Radio)"
"241006695","Website infopmb.itpln.ac.id"
"241006697","Media Promosi Cetak (Poster, Flyer, Brosur)"
"241006697","Jejaring Sosial"
"241006698","Teman "
"241006699","Teman "
"241006700","Website Lain"
"241006701","Media Cetak (Surat Kabar, Koran, Majalah)"
"241006702","Jejaring Sosial"
"241006707","Teman "
"241006707","Jejaring Sosial"
"241006709","Website infopmb.itpln.ac.id"
"241006713","Website infopmb.itpln.ac.id"
"241006713","Jejaring Sosial"
"241006715","Website infopmb.itpln.ac.id"
"241006716","Teman "
"241006716","Website infopmb.itpln.ac.id"
"241006716","Jejaring Sosial"
"241006717","Jejaring Sosial"
"241006717","Website infopmb.itpln.ac.id"
"241006717","Guru / Sekolah"
"241006718","Guru / Sekolah"
"241006719","Website infopmb.itpln.ac.id"
"241006720","Jejaring Sosial"
"241006721","Teman "
"241006723","Website infopmb.itpln.ac.id"
"241006724","Email / SMS Broadcast"
"241006724","Website infopmb.itpln.ac.id"
"241006725","Website Lain"
"241006725","Jejaring Sosial"
"241006726","Teman "
"241006727","Spanduk"
"241006727","Website infopmb.itpln.ac.id"
"241006729","Website infopmb.itpln.ac.id"
"241006730","Media Cetak (Surat Kabar, Koran, Majalah)"
"241006730","Website infopmb.itpln.ac.id"
"241006731","Teman "
"241006732","Website infopmb.itpln.ac.id"
"241006735","Jejaring Sosial"
"241006735","Website infopmb.itpln.ac.id"
"241006738","Media Elektronik (Televisi, Radio)"
"241006740","Website infopmb.itpln.ac.id"
"241006741","Media Elektronik (Televisi, Radio)"
"241006742","Jejaring Sosial"
"241006742","Website infopmb.itpln.ac.id"
"241006743","Website Lain"
"241006743","Media Promosi Cetak (Poster, Flyer, Brosur)"
"241006745","Jejaring Sosial"
"241006746","Website infopmb.itpln.ac.id"
"241006747","Jejaring Sosial"
"241006748","Website infopmb.itpln.ac.id"
"241006749","Teman "
"241006749","Website infopmb.itpln.ac.id"
"241006750","Teman "
"241006751","Guru / Sekolah"
"241006751","Website infopmb.itpln.ac.id"
"241006751","Jejaring Sosial"
"241006752","Jejaring Sosial"
"241006755","Guru / Sekolah"
"241006756","Email / SMS Broadcast"
"241006758","Guru / Sekolah"
"241006761","Teman "
"241006762","Teman "
"241006762","Jejaring Sosial"
"241006762","Guru / Sekolah"
"241006763","Teman "
"241006765","Website infopmb.itpln.ac.id"
"241006767","Guru / Sekolah"
"241006768","Teman "
"241006770","Jejaring Sosial"
"241006771","Website infopmb.itpln.ac.id"
"241006772","Guru / Sekolah"
"241006773","Jejaring Sosial"
"241006773","Teman "
"241006773","Website infopmb.itpln.ac.id"
"241006774","Media Cetak (Surat Kabar, Koran, Majalah)"
"241006775","Website infopmb.itpln.ac.id"
"241006776","Guru / Sekolah"
"241006776","Website Lain"
"241006776","Teman "
"241006777","Website infopmb.itpln.ac.id"
"241006778","Teman "
"241006779","Guru / Sekolah"
"241006779","Teman "
"241006779","Website infopmb.itpln.ac.id"
"241006780","Jejaring Sosial"
"241006781","Teman "
"241006782","Media Elektronik (Televisi, Radio)"
"241006782","Jejaring Sosial"
"241006782","Forum Diskusi Online"
"241006782","Email / SMS Broadcast"
"241006782","Website infopmb.itpln.ac.id"
"241006782","Teman "
"241006783","Teman "
"241006784","Website infopmb.itpln.ac.id"
"241006785","Jejaring Sosial"
"241006787","Teman "
"241006788","Website infopmb.itpln.ac.id"
"241006789","Jejaring Sosial"
"241006789","Forum Diskusi Online"
"241006791","Teman "
"241006791","Jejaring Sosial"
"241006793","Website infopmb.itpln.ac.id"
"241006795","Jejaring Sosial"
"241006796","Website infopmb.itpln.ac.id"
"241006796","Jejaring Sosial"
"241006797","Jejaring Sosial"
"241006797","Teman "
"241006799","Teman "
"241006799","Media Promosi Cetak (Poster, Flyer, Brosur)"
"241006801","Jejaring Sosial"
"241006801","Teman "
"241006802","Teman "
"241006803","Jejaring Sosial"
"241006805","Guru / Sekolah"
"241006806","Teman "
"241006807","Website infopmb.itpln.ac.id"
"241006809","Website infopmb.itpln.ac.id"
"241006810","Jejaring Sosial"
"241006811","Jejaring Sosial"
"241006812","Website infopmb.itpln.ac.id"
"241006813","Website infopmb.itpln.ac.id"
"241006814","Teman "
"241006815","Website infopmb.itpln.ac.id"
"241006816","Media Promosi Cetak (Poster, Flyer, Brosur)"
"241006818","Website infopmb.itpln.ac.id"
"241006821","Website Lain"
"241006821","Media Cetak (Surat Kabar, Koran, Majalah)"
"241006821","Website infopmb.itpln.ac.id"
"241006823","Website infopmb.itpln.ac.id"
"241006824","Teman "
"241006825","Forum Diskusi Online"
"241006827","Jejaring Sosial"
"241006828","Guru / Sekolah"
"241006829","Guru / Sekolah"
"241006829","Jejaring Sosial"
"241006829","Teman "
"241006830","Teman "
"241006830","Website infopmb.itpln.ac.id"
"241006831","Website infopmb.itpln.ac.id"
"241006833","Teman "
"241006833","Jejaring Sosial"
"241006835","Media Elektronik (Televisi, Radio)"
"241006835","Jejaring Sosial"
"241006836","Forum Diskusi Online"
"241006836","Teman "
"241006837","Website infopmb.itpln.ac.id"
"241006840","Teman "
"241006841","Jejaring Sosial"
"241006843","Website infopmb.itpln.ac.id"
"241006843","Guru / Sekolah"
"241006843","Website Lain"
"241006843","Media Promosi Cetak (Poster, Flyer, Brosur)"
"241006843","Jejaring Sosial"
"241006843","Media Elektronik (Televisi, Radio)"
"241006844","Jejaring Sosial"
"241006845","Website infopmb.itpln.ac.id"
"241006845","Media Elektronik (Televisi, Radio)"
"241006847","Website infopmb.itpln.ac.id"
"241006849","Teman "
"241006851","Teman "
"241006851","Website Lain"
"241006851","Website infopmb.itpln.ac.id"
"241006852","Teman "
"241006852","Website infopmb.itpln.ac.id"
"241006852","Guru / Sekolah"
"241006852","Jejaring Sosial"
"241006852","HIMDA"
"241006853","Website infopmb.itpln.ac.id"
"241006854","Website infopmb.itpln.ac.id"
"241006855","Teman "
"241006856","Jejaring Sosial"
"241006856","Website Lain"
"241006857","Teman "
"241006858","Guru / Sekolah"
"241006858","Media Elektronik (Televisi, Radio)"
"241006860","Teman "
"241006860","Website Lain"
"241006860","Website infopmb.itpln.ac.id"
"241006860","Jejaring Sosial"
"241006861","Jejaring Sosial"
"241006862","Teman "
"241006862","Website infopmb.itpln.ac.id"
"241006862","Jejaring Sosial"
"241006863","Media Cetak (Surat Kabar, Koran, Majalah)"
"241006863","Teman "
"241006863","Media Promosi Cetak (Poster, Flyer, Brosur)"
"241006863","Website Lain"
"241006863","Website infopmb.itpln.ac.id"
"241006863","Jejaring Sosial"
"241006864","Teman "
"241006868","Guru / Sekolah"
"241006870","Teman "
"241006870","Jejaring Sosial"
"241006871","Guru / Sekolah"
"241006873","Teman "
"241006874","Website infopmb.itpln.ac.id"
"241006875","Teman "
"241006878","Media Cetak (Surat Kabar, Koran, Majalah)"
"241006878","Teman "
"241006878","Jejaring Sosial"
"241006879","Jejaring Sosial"
"241006881","Website infopmb.itpln.ac.id"
"241006882","Teman "
"241006882","Website infopmb.itpln.ac.id"
"241006883","Media Elektronik (Televisi, Radio)"
"241006886","Jejaring Sosial"
"241006887","Jejaring Sosial"
"241006887","Website infopmb.itpln.ac.id"
"241006888","Teman "
"241006888","Jejaring Sosial"
"241006889","Email / SMS Broadcast"
"241006889","Jejaring Sosial"
"241006890","Jejaring Sosial"
"241006893","Guru / Sekolah"
"241006896","Website infopmb.itpln.ac.id"
"241006897","Website infopmb.itpln.ac.id"
"241006897","Jejaring Sosial"
"241006898","Media Elektronik (Televisi, Radio)"
"241006899","Jejaring Sosial"
"241006901","Website infopmb.itpln.ac.id"
"241006902","Forum Diskusi Online"
"241006902","Guru / Sekolah"
"241006902","Teman "
"241006903","Forum Diskusi Online"
"241006905","Teman "
"241006907","Website infopmb.itpln.ac.id"
"241006908","Guru / Sekolah"
"241006908","Website infopmb.itpln.ac.id"
"241006910","Jejaring Sosial"
"241006910","HIMDA"
"241006910","Website Lain"
"241006910","Website infopmb.itpln.ac.id"
"241006910","Media Elektronik (Televisi, Radio)"
"241006910","Teman "
"241006910","Media Promosi Cetak (Poster, Flyer, Brosur)"
"241006911","Guru / Sekolah"
"241006912","Guru / Sekolah"
"241006913","Jejaring Sosial"
"241006914","Website infopmb.itpln.ac.id"
"241006914","Website Lain"
"241006914","Teman "
"241006915","Guru / Sekolah"
"241006916","Teman "
"241006917","Teman "
"241006917","Media Elektronik (Televisi, Radio)"
"241006918","Jejaring Sosial"
"241006920","Website infopmb.itpln.ac.id"
"241006920","Jejaring Sosial"
"241006921","Website infopmb.itpln.ac.id"
"241006922","Spanduk"
"241006923","Teman "
"241006924","Jejaring Sosial"
"241006924","Media Cetak (Surat Kabar, Koran, Majalah)"
"241006924","Media Promosi Cetak (Poster, Flyer, Brosur)"
"241006924","Teman "
"241006924","Website infopmb.itpln.ac.id"
"241006926","Jejaring Sosial"
"241006927","Media Promosi Cetak (Poster, Flyer, Brosur)"
"241006928","Website Lain"
"241006929","Website infopmb.itpln.ac.id"
"241006932","Website Lain"
"241006932","Teman "
"241006932","Website infopmb.itpln.ac.id"
"241006932","Jejaring Sosial"
"241006936","Website infopmb.itpln.ac.id"
"241006937","Teman "
"241006938","Guru / Sekolah"
"241006939","Website infopmb.itpln.ac.id"
"241006939","Jejaring Sosial"
"241006941","Website infopmb.itpln.ac.id"
"241006942","Website infopmb.itpln.ac.id"
"241006945","Jejaring Sosial"
"241006946","Website infopmb.itpln.ac.id"
"241006947","Jejaring Sosial"
"241006948","Jejaring Sosial"
"241006949","Media Promosi Cetak (Poster, Flyer, Brosur)"
"241006949","Guru / Sekolah"
"241006950","Jejaring Sosial"
"241006951","Jejaring Sosial"
"241006954","Jejaring Sosial"
"241006956","Website infopmb.itpln.ac.id"
"241006956","Teman "
"241006957","Website infopmb.itpln.ac.id"
"241006957","Jejaring Sosial"
"241006959","Website infopmb.itpln.ac.id"
"241006960","Guru / Sekolah"
"241006961","Website infopmb.itpln.ac.id"
"241006961","Guru / Sekolah"
"241006962","Jejaring Sosial"
"241006962","Teman "
"241006963","Jejaring Sosial"
"241006964","Teman "
"241006965","Guru / Sekolah"
"241006966","Website infopmb.itpln.ac.id"
"241006967","Website infopmb.itpln.ac.id"
"241006967","Website Lain"
"241006967","Jejaring Sosial"
"241006969","Website infopmb.itpln.ac.id"
"241006969","Teman "
"241006972","Jejaring Sosial"
"241006973","Jejaring Sosial"
"241006973","Guru / Sekolah"
"241006974","Guru / Sekolah"
"241006975","Website infopmb.itpln.ac.id"
"241006975","Jejaring Sosial"
"241006978","Website infopmb.itpln.ac.id"
"241006978","Jejaring Sosial"
"241006978","Guru / Sekolah"
"241006979","Guru / Sekolah"
"241006980","Teman "
"241006980","Website infopmb.itpln.ac.id"
"241006981","Website infopmb.itpln.ac.id"
"241006983","Teman "
"241006986","Teman "
"241006987","Teman "
"241006988","Teman "
"241006989","Teman "
"241006990","Jejaring Sosial"
"241006991","Website infopmb.itpln.ac.id"
"241006993","Teman "
"241006993","Jejaring Sosial"
"241006994","Guru / Sekolah"
"241006994","Teman "
"241006994","Website Lain"
"241006995","Website infopmb.itpln.ac.id"
"241006996","Website Lain"
"241006996","Jejaring Sosial"
"241006997","Website infopmb.itpln.ac.id"
"241006998","Jejaring Sosial"
"241006999","Teman "
"241006999","Media Cetak (Surat Kabar, Koran, Majalah)"
"241007001","Website infopmb.itpln.ac.id"
"241007002","Website infopmb.itpln.ac.id"
"241007002","Guru / Sekolah"
"241007002","Jejaring Sosial"
"241007003","Website infopmb.itpln.ac.id"
"241007004","Media Cetak (Surat Kabar, Koran, Majalah)"
"241007004","Media Promosi Cetak (Poster, Flyer, Brosur)"
"241007004","Website infopmb.itpln.ac.id"
"241007004","Media Elektronik (Televisi, Radio)"
"241007005","Website infopmb.itpln.ac.id"
"241007006","Website infopmb.itpln.ac.id"
"241007007","Jejaring Sosial"
"241007008","Jejaring Sosial"
"241007008","Teman "
"241007009","Website infopmb.itpln.ac.id"
"241007010","Teman "
"241007010","Media Elektronik (Televisi, Radio)"
"241007011","Jejaring Sosial"
"241007011","Teman "
"241007011","Website infopmb.itpln.ac.id"
"241007012","Jejaring Sosial"
"241007014","Teman "
"241007015","Website infopmb.itpln.ac.id"
"241007016","Guru / Sekolah"
"241007017","Teman "
"241007018","Jejaring Sosial"
"241007019","Teman "
"241007024","Jejaring Sosial"
"241007024","Teman "
"241007025","Jejaring Sosial"
"241007028","Jejaring Sosial"
"241007029","Teman "
"241007030","Jejaring Sosial"
"241007030","Website infopmb.itpln.ac.id"
"241007031","Jejaring Sosial"
"241007032","Teman "
"241007033","Media Elektronik (Televisi, Radio)"
"241007033","Website infopmb.itpln.ac.id"
"241007034","Teman "
"241007035","Jejaring Sosial"
"241007036","Guru / Sekolah"
"241007039","Jejaring Sosial"
"241007039","Website infopmb.itpln.ac.id"
"241007041","Jejaring Sosial"
"241007042","Website infopmb.itpln.ac.id"
"241007043","Website infopmb.itpln.ac.id"
"241007044","Teman "
"241007045","Website infopmb.itpln.ac.id"
"241007047","Jejaring Sosial"
"241007048","Website infopmb.itpln.ac.id"
"241007048","Teman "
"241007049","Guru / Sekolah"
"241007050","Guru / Sekolah"
"241007051","Guru / Sekolah"
"241007052","Website infopmb.itpln.ac.id"
"241007052","Teman "
"241007052","Guru / Sekolah"
"241007053","Guru / Sekolah"
"241007054","Website infopmb.itpln.ac.id"
"241007055","Teman "
"241007056","Website infopmb.itpln.ac.id"
"241007056","Jejaring Sosial"
"241007056","Media Cetak (Surat Kabar, Koran, Majalah)"
"241007056","Website Lain"
"241007057","Media Promosi Cetak (Poster, Flyer, Brosur)"
"241007057","Guru / Sekolah"
"241007057","Teman "
"241007057","Website infopmb.itpln.ac.id"
"241007058","Guru / Sekolah"
"241007058","Website infopmb.itpln.ac.id"
"241007059","Jejaring Sosial"
"241007059","Website infopmb.itpln.ac.id"
"241007060","Website infopmb.itpln.ac.id"
"241007060","Media Elektronik (Televisi, Radio)"
"241007061","Website Lain"
"241007062","Guru / Sekolah"
"241007062","Media Cetak (Surat Kabar, Koran, Majalah)"
"241007062","Forum Diskusi Online"
"241007062","Website infopmb.itpln.ac.id"
"241007062","Jejaring Sosial"
"241007062","Website Lain"
"241007063","Website infopmb.itpln.ac.id"
"241007064","Teman "
"241007065","Teman "
"241007066","Teman "
"241007067","Website infopmb.itpln.ac.id"
"241007069","Jejaring Sosial"
"241007069","Website infopmb.itpln.ac.id"
"241007070","Media Cetak (Surat Kabar, Koran, Majalah)"
"241007070","Jejaring Sosial"
"241007070","Website infopmb.itpln.ac.id"
"241007071","Guru / Sekolah"
"241007072","Guru / Sekolah"
"241007073","Jejaring Sosial"
"241007074","Website infopmb.itpln.ac.id"
"241007074","Jejaring Sosial"
"241007075","Guru / Sekolah"
"241007075","Forum Diskusi Online"
"241007076","Jejaring Sosial"
"241007077","Forum Diskusi Online"
"241007078","Website infopmb.itpln.ac.id"
"241007080","Website infopmb.itpln.ac.id"
"241007081","Guru / Sekolah"
"241007081","Website infopmb.itpln.ac.id"
"241007081","Jejaring Sosial"
"241007085","Website infopmb.itpln.ac.id"
"241007086","Teman "
"241007086","Website infopmb.itpln.ac.id"
"241007087","Teman "
"241007089","Website infopmb.itpln.ac.id"
"241007090","Website infopmb.itpln.ac.id"
"241007092","Teman "
"241007093","Teman "
"241007094","Media Cetak (Surat Kabar, Koran, Majalah)"
"241007096","Media Elektronik (Televisi, Radio)"
"241007097","Website infopmb.itpln.ac.id"
"241007099","Teman "
"241007100","Guru / Sekolah"
"241007102","Teman "
"241007103","Website infopmb.itpln.ac.id"
"241007104","Media Elektronik (Televisi, Radio)"
"241007104","Guru / Sekolah"
"241007104","Website Lain"
"241007105","Website infopmb.itpln.ac.id"
"241007106","Teman "
"241007106","Guru / Sekolah"
"241007106","Website Lain"
"241007106","Website infopmb.itpln.ac.id"
"241007107","Website infopmb.itpln.ac.id"
"241007108","Website infopmb.itpln.ac.id"
"241007109","Website infopmb.itpln.ac.id"
"241007109","Guru / Sekolah"
"241007111","Teman "
"241007112","Jejaring Sosial"
"241007113","Website Lain"
"241007113","Website infopmb.itpln.ac.id"
"241007114","Media Elektronik (Televisi, Radio)"
"241007114","Media Cetak (Surat Kabar, Koran, Majalah)"
"241007115","Guru / Sekolah"
"241007117","Teman "
"241007118","Teman "
"241007118","Website Lain"
"241007119","Teman "
"241007120","Teman "
"241007123","Website infopmb.itpln.ac.id"
"241007124","Website infopmb.itpln.ac.id"
"241007124","Teman "
"241007125","Website infopmb.itpln.ac.id"
"241007125","Teman "
"241007126","Media Elektronik (Televisi, Radio)"
"241007126","Website infopmb.itpln.ac.id"
"241007127","Jejaring Sosial"
"241007128","Jejaring Sosial"
"241007128","Forum Diskusi Online"
"241007128","Media Promosi Cetak (Poster, Flyer, Brosur)"
"241007130","Jejaring Sosial"
"241007131","Jejaring Sosial"
"241007133","Forum Diskusi Online"
"241007136","Guru / Sekolah"
"241007137","Guru / Sekolah"
"241007137","Teman "
"241007138","Website Lain"
"241007140","Jejaring Sosial"
"241007140","Website infopmb.itpln.ac.id"
"241007141","Guru / Sekolah"
"241007146","Website infopmb.itpln.ac.id"
"241007150","Website infopmb.itpln.ac.id"
"241007152","Email / SMS Broadcast"
"241007154","Website infopmb.itpln.ac.id"
"241007157","Website infopmb.itpln.ac.id"
"241007159","Website infopmb.itpln.ac.id"
"241007160","Website Lain"
"241007160","Website infopmb.itpln.ac.id"
"241007161","Teman "
"241007162","Teman "
"241007164","Website Lain"
"241007165","Teman "
"241007171","Website infopmb.itpln.ac.id"
"241007172","Website infopmb.itpln.ac.id"
"241007174","Jejaring Sosial"
"241007175","Website infopmb.itpln.ac.id"
"241007177","Jejaring Sosial"
"241007178","Website Lain"
"241007179","Teman "
"241007180","Media Elektronik (Televisi, Radio)"
"241007180","Website infopmb.itpln.ac.id"
"241007180","Jejaring Sosial"
"241007180","Guru / Sekolah"
"241007181","Jejaring Sosial"
"241007181","Website infopmb.itpln.ac.id"
"241007185","Teman "
"241007187","Media Cetak (Surat Kabar, Koran, Majalah)"
"241007188","Website infopmb.itpln.ac.id"
"241007190","Website infopmb.itpln.ac.id"
"241007191","Teman "
"241007193","Jejaring Sosial"
"241007194","Website infopmb.itpln.ac.id"
"241007194","Media Elektronik (Televisi, Radio)"
"241007195","Website infopmb.itpln.ac.id"
"241007196","Teman "
"241007197","Media Elektronik (Televisi, Radio)"
"241007198","Jejaring Sosial"
"241007199","Teman "
"241007199","Website infopmb.itpln.ac.id"
"241007199","Jejaring Sosial"
"241007200","Media Elektronik (Televisi, Radio)"
"241007202","Teman "
"241007203","Jejaring Sosial"
"241007203","Website infopmb.itpln.ac.id"
"241007206","Website infopmb.itpln.ac.id"
"241007210","Website infopmb.itpln.ac.id"
"241007212","Website Lain"
"241007215","Website infopmb.itpln.ac.id"
"241007215","Guru / Sekolah"
"241007215","Jejaring Sosial"
"241007215","Teman "
"241007216","Website infopmb.itpln.ac.id"
"241007218","Website infopmb.itpln.ac.id"
"241007223","Website infopmb.itpln.ac.id"
"241007225","Website infopmb.itpln.ac.id"
"241007226","Website infopmb.itpln.ac.id"
"241007227","Website infopmb.itpln.ac.id"
"241007228","Teman "
"241007229","Website infopmb.itpln.ac.id"
"241007230","Website infopmb.itpln.ac.id"
"241007232","Website infopmb.itpln.ac.id"
"241007233","Website Lain"
"241007235","Website infopmb.itpln.ac.id"
"241007236","Jejaring Sosial"
"241007236","Media Elektronik (Televisi, Radio)"
"241007237","Jejaring Sosial"
"241007240","Website infopmb.itpln.ac.id"
"241007241","Jejaring Sosial"
"241007241","Teman "
"241007242","Media Promosi Cetak (Poster, Flyer, Brosur)"
"241007243","Teman "
"241007246","Website infopmb.itpln.ac.id"
"241007249","Guru / Sekolah"
"241007252","Jejaring Sosial"
"241007253","Website infopmb.itpln.ac.id"
"241007256","Teman "
"241007256","Media Elektronik (Televisi, Radio)"
"241007256","Website infopmb.itpln.ac.id"
"241007257","Teman "
"241007259","Jejaring Sosial"
"241007261","Jejaring Sosial"
"241007262","Website Lain"
"241007265","Website infopmb.itpln.ac.id"
"241007266","Website infopmb.itpln.ac.id"
"241007268","Teman "
"241007269","Jejaring Sosial"
"241007270","Teman "
"241007272","Media Elektronik (Televisi, Radio)"
"241007272","Website infopmb.itpln.ac.id"
"241007273","Website infopmb.itpln.ac.id"
"241007274","Website infopmb.itpln.ac.id"
"241007276","Website infopmb.itpln.ac.id"
"241007277","Website Lain"
"241007278","Website infopmb.itpln.ac.id"
"241007278","Guru / Sekolah"
"241007278","Jejaring Sosial"
"241007279","Website infopmb.itpln.ac.id"
"241007279","Teman "
"241007279","Website Lain"
"241007281","Guru / Sekolah"
"241007284","Website Lain"
"241007288","Teman "
"241007289","Website infopmb.itpln.ac.id"
"241007290","Website infopmb.itpln.ac.id"
"241007290","Teman "
"241007290","Jejaring Sosial"
"241007292","Website Lain"
"241007292","Website infopmb.itpln.ac.id"
"241007294","Website Lain"
"241007294","Website infopmb.itpln.ac.id"
"241007294","Jejaring Sosial"
"241007295","Website infopmb.itpln.ac.id"
"241007298","Media Elektronik (Televisi, Radio)"
"241007299","Website infopmb.itpln.ac.id"
"241007300","Teman "
"241007301","Website infopmb.itpln.ac.id"
"241007302","Website infopmb.itpln.ac.id"
"241007303","Guru / Sekolah"
"241007303","Jejaring Sosial"
"241007304","Teman "
"241007305","Website infopmb.itpln.ac.id"
"241007306","Jejaring Sosial"
"241007307","Teman "
"241007309","Jejaring Sosial"
"241007315","Guru / Sekolah"
"241007315","Jejaring Sosial"
"241007321","Website infopmb.itpln.ac.id"
"241007321","Teman "
"241007322","Teman "
"241007322","Jejaring Sosial"
"241007323","Website infopmb.itpln.ac.id"
"241007323","Media Elektronik (Televisi, Radio)"
"241007323","Guru / Sekolah"
"241007324","Guru / Sekolah"
"241007324","Jejaring Sosial"
"241007326","Website infopmb.itpln.ac.id"
"241007328","Teman "
"241007329","Website infopmb.itpln.ac.id"
"241007333","Guru / Sekolah"
"241007335","Jejaring Sosial"
"241007338","Jejaring Sosial"
"241007338","Teman "
"241007338","Website infopmb.itpln.ac.id"
"241007339","Teman "
"241007340","Jejaring Sosial"
"241007341","Guru / Sekolah"
"241007342","Website infopmb.itpln.ac.id"
"241007343","Website infopmb.itpln.ac.id"
"241007344","Teman "
"241007346","Jejaring Sosial"
"241007347","Jejaring Sosial"
"241007348","Website infopmb.itpln.ac.id"
"241007349","Website infopmb.itpln.ac.id"
"241007349","Media Elektronik (Televisi, Radio)"
"241007350","Teman "
"241007353","Website infopmb.itpln.ac.id"
"241007354","Forum Diskusi Online"
"241007355","Website infopmb.itpln.ac.id"
"241007356","Jejaring Sosial"
"241007357","Jejaring Sosial"
"241007357","Teman "
"241007357","Website infopmb.itpln.ac.id"
"241007359","Teman "
"241007364","Teman "
"241007365","Media Promosi Cetak (Poster, Flyer, Brosur)"
"241007368","Website infopmb.itpln.ac.id"
"241007368","Jejaring Sosial"
"241007369","Website infopmb.itpln.ac.id"
"241007370","Media Elektronik (Televisi, Radio)"
"241007370","Jejaring Sosial"
"241007370","Website infopmb.itpln.ac.id"
"241007370","Teman "
"241007371","Teman "
"241007373","Website infopmb.itpln.ac.id"
"241007374","Website infopmb.itpln.ac.id"
"241007375","Website infopmb.itpln.ac.id"
"241007379","Teman "
"241007381","Website infopmb.itpln.ac.id"
"241007382","Jejaring Sosial"
"241007383","Jejaring Sosial"
"241007385","Jejaring Sosial"
"241007385","Media Elektronik (Televisi, Radio)"
"241007386","Website infopmb.itpln.ac.id"
"241007387","Teman "
"241007387","Website infopmb.itpln.ac.id"
"241007387","Jejaring Sosial"
"241007389","Jejaring Sosial"
"241007389","Teman "
"241007391","Website infopmb.itpln.ac.id"
"241007392","Jejaring Sosial"
"241007393","Media Cetak (Surat Kabar, Koran, Majalah)"
"241007394","Teman "
"241007395","Website infopmb.itpln.ac.id"
"241007396","Website infopmb.itpln.ac.id"
"241007397","Guru / Sekolah"
"241007399","Website Lain"
"241007399","Website infopmb.itpln.ac.id"
"241007400","Website infopmb.itpln.ac.id"
"241007401","Media Promosi Cetak (Poster, Flyer, Brosur)"
"241007403","Jejaring Sosial"
"241007405","Jejaring Sosial"
"241007406","Website infopmb.itpln.ac.id"
"241007406","Website Lain"
"241007407","Jejaring Sosial"
"241007410","Jejaring Sosial"
"241007411","Teman "
"241007411","Website Lain"
"241007412","Website Lain"
"241007412","Website infopmb.itpln.ac.id"
"241007413","Teman "
"241007415","Website Lain"
"241007417","Jejaring Sosial"
"241007418","Teman "
"241007420","Jejaring Sosial"
"241007422","Jejaring Sosial"
"241007425","Jejaring Sosial"
"241007425","Teman "
"241007425","Website infopmb.itpln.ac.id"
"241007426","Guru / Sekolah"
"241007428","Jejaring Sosial"
"241007431","Website infopmb.itpln.ac.id"
"241007432","Media Elektronik (Televisi, Radio)"
"241007433","Website infopmb.itpln.ac.id"
"241007433","Jejaring Sosial"
"241007435","Website infopmb.itpln.ac.id"
"241007436","Website infopmb.itpln.ac.id"
"241007438","Website Lain"
"241007439","Teman "
"241007440","Website infopmb.itpln.ac.id"
"241007440","Guru / Sekolah"
"241007442","Jejaring Sosial"
"241007444","Spanduk"
"241007444","Website infopmb.itpln.ac.id"
"241007444","Teman "
"241007444","Media Promosi Cetak (Poster, Flyer, Brosur)"
"241007444","Jejaring Sosial"
"241007446","Jejaring Sosial"
"241007447","Jejaring Sosial"
"241007448","Jejaring Sosial"
"241007449","Website infopmb.itpln.ac.id"
"241007450","Teman "
"241007452","Jejaring Sosial"
"241007453","Jejaring Sosial"
"241007453","Website infopmb.itpln.ac.id"
"241007454","Jejaring Sosial"
"241007455","Jejaring Sosial"
"241007456","Jejaring Sosial"
"241007456","Teman "
"241007459","Website infopmb.itpln.ac.id"
"241007461","Jejaring Sosial"
"241007462","Media Cetak (Surat Kabar, Koran, Majalah)"
"241007466","Website infopmb.itpln.ac.id"
"241007467","Teman "
"241007469","Media Cetak (Surat Kabar, Koran, Majalah)"
"241007474","Website infopmb.itpln.ac.id"
"241007475","Jejaring Sosial"
"241007477","Guru / Sekolah"
"241007477","Teman "
"241007477","Jejaring Sosial"
"241007477","Website Lain"
"241007477","Website infopmb.itpln.ac.id"
"241007478","Website infopmb.itpln.ac.id"
"241007480","Jejaring Sosial"
"241007481","Teman "
"241007482","Jejaring Sosial"
"241007483","Website infopmb.itpln.ac.id"
"241007483","Email / SMS Broadcast"
"241007484","Teman "
"241007487","Website infopmb.itpln.ac.id"
"241007487","Jejaring Sosial"
"241007488","Teman "
"241007488","Jejaring Sosial"
"241007489","Website infopmb.itpln.ac.id"
"241007492","Website infopmb.itpln.ac.id"
"241007492","Website Lain"
"241007495","Teman "
"241007498","Website infopmb.itpln.ac.id"
"241007502","Website infopmb.itpln.ac.id"
"241007503","Website Lain"
"241007504","Guru / Sekolah"
"241007508","Website infopmb.itpln.ac.id"
"241007509","Jejaring Sosial"
"241007513","Jejaring Sosial"
"241007513","Website infopmb.itpln.ac.id"
"241007515","Website infopmb.itpln.ac.id"
"241007516","Website infopmb.itpln.ac.id"
"241007518","Teman "
"241007520","Website infopmb.itpln.ac.id"
"241007520","Jejaring Sosial"
"241007525","Website Lain"
"241007527","Teman "
"241007529","Jejaring Sosial"
"241007530","Guru / Sekolah"
"241007531","Website infopmb.itpln.ac.id"
"241007531","Jejaring Sosial"
"241007532","Jejaring Sosial"
"241007534","Jejaring Sosial"
"241007535","Guru / Sekolah"
"241007535","Teman "
"241007535","Jejaring Sosial"
"241007535","Media Elektronik (Televisi, Radio)"
"241007536","Website infopmb.itpln.ac.id"
"241007539","Website infopmb.itpln.ac.id"
"241007543","Teman "
"241007544","Teman "
"241007545","Teman "
"241007547","Website infopmb.itpln.ac.id"
"241007548","Website infopmb.itpln.ac.id"
"241007549","Teman "
"241007551","Jejaring Sosial"
"241007551","Website infopmb.itpln.ac.id"
"241007553","Jejaring Sosial"
"241007553","Website infopmb.itpln.ac.id"
"241007553","Website Lain"
"241007556","Forum Diskusi Online"
"241007557","Website infopmb.itpln.ac.id"
"241007558","Website infopmb.itpln.ac.id"
"241007559","Jejaring Sosial"
"241007560","Jejaring Sosial"
"241007562","Website infopmb.itpln.ac.id"
"241007563","Media Cetak (Surat Kabar, Koran, Majalah)"
"241007563","Spanduk"
"241007565","Website infopmb.itpln.ac.id"
"241007565","Teman "
"241007565","Jejaring Sosial"
"241007566","Jejaring Sosial"
"241007571","Guru / Sekolah"
"241007572","Jejaring Sosial"
"241007575","Jejaring Sosial"
"241007576","Guru / Sekolah"
"241007578","Jejaring Sosial"
"241007580","Website infopmb.itpln.ac.id"
"241007582","Website Lain"
"241007585","Website infopmb.itpln.ac.id"
"241007587","Media Elektronik (Televisi, Radio)"
"241007588","Guru / Sekolah"
"241007588","Website infopmb.itpln.ac.id"
"241007589","Jejaring Sosial"
"241007590","Website infopmb.itpln.ac.id"
"241007590","Email / SMS Broadcast"
"241007590","Jejaring Sosial"
"241007590","Website Lain"
"241007591","Website infopmb.itpln.ac.id"
"241007592","Jejaring Sosial"
"241007597","Website Lain"
"241007597","Guru / Sekolah"
"241007597","Jejaring Sosial"
"241007598","Website infopmb.itpln.ac.id"
"241007599","Media Cetak (Surat Kabar, Koran, Majalah)"
"241007599","Media Promosi Cetak (Poster, Flyer, Brosur)"
"241007599","Teman "
"241007599","Jejaring Sosial"
"241007604","Jejaring Sosial"
"241007604","Teman "
"241007605","Website infopmb.itpln.ac.id"
"241007605","Guru / Sekolah"
"241007606","Guru / Sekolah"
"241007606","Website infopmb.itpln.ac.id"
"241007607","Media Cetak (Surat Kabar, Koran, Majalah)"
"241007609","Teman "
"241007611","Teman "
"241007612","Teman "
"241007612","Guru / Sekolah"
"241007612","Jejaring Sosial"
"241007615","Teman "
"241007616","Media Promosi Cetak (Poster, Flyer, Brosur)"
"241007616","Jejaring Sosial"
"241007617","Teman "
"241007619","Website infopmb.itpln.ac.id"
"241007620","Jejaring Sosial"
"241007623","Website infopmb.itpln.ac.id"
"241007623","Teman "
"241007623","Jejaring Sosial"
"241007625","Website infopmb.itpln.ac.id"
"241007626","Jejaring Sosial"
"241007630","Jejaring Sosial"
"241007632","Website infopmb.itpln.ac.id"
"241007634","Teman "
"241007635","Website infopmb.itpln.ac.id"
"241007637","Website Lain"
"241007642","Guru / Sekolah"
"241007643","Teman "
"241007643","Jejaring Sosial"
"241007644","Jejaring Sosial"
"241007645","Website infopmb.itpln.ac.id"
"241007646","Website infopmb.itpln.ac.id"
"241007648","Website infopmb.itpln.ac.id"
"241007649","Website Lain"
"241007650","Teman "
"241007651","Teman "
"241007651","Jejaring Sosial"
"241007651","Website Lain"
"241007653","Teman "
"241007654","Teman "
"241007655","Website infopmb.itpln.ac.id"
"241007658","Teman "
"241007659","Teman "
"241007662","Website infopmb.itpln.ac.id"
"241007663","Media Elektronik (Televisi, Radio)"
"241007664","Media Elektronik (Televisi, Radio)"
"241007664","Forum Diskusi Online"
"241007664","Teman "
"241007664","Website Lain"
"241007664","Website infopmb.itpln.ac.id"
"241007664","Jejaring Sosial"
"241007664","Guru / Sekolah"
"241007665","Media Elektronik (Televisi, Radio)"
"241007665","Media Promosi Cetak (Poster, Flyer, Brosur)"
"241007665","Website infopmb.itpln.ac.id"
"241007665","Jejaring Sosial"
"241007667","HIMDA"
"241007668","Teman "
"241007669","Website infopmb.itpln.ac.id"
"241007672","Teman "
"241007673","Website infopmb.itpln.ac.id"
"241007674","Jejaring Sosial"
"241007675","Teman "
"241007677","Teman "
"241007679","Guru / Sekolah"
"241007680","Teman "
"241007681","Website infopmb.itpln.ac.id"
"241007682","Website infopmb.itpln.ac.id"
"241007682","Jejaring Sosial"
"241007683","Jejaring Sosial"
"241007686","Website Lain"
"241007686","Website infopmb.itpln.ac.id"
"241007687","Jejaring Sosial"
"241007687","Website Lain"
"241007688","Website infopmb.itpln.ac.id"
"241007689","Website infopmb.itpln.ac.id"
"241007691","Jejaring Sosial"
"241007700","Website infopmb.itpln.ac.id"
"241007701","Website Lain"
"241007701","Email / SMS Broadcast"
"241007702","Jejaring Sosial"
"241007703","Jejaring Sosial"
"241007705","Website infopmb.itpln.ac.id"
"241007706","Jejaring Sosial"
"241007707","Guru / Sekolah"
"241007710","Website Lain"
"241007714","Jejaring Sosial"
"241007719","Jejaring Sosial"
"241007720","Jejaring Sosial"
"241007725","Jejaring Sosial"
"241007727","Website infopmb.itpln.ac.id"
"241007727","Jejaring Sosial"
"241007729","Jejaring Sosial"
"241007730","Website Lain"
"241007732","Website infopmb.itpln.ac.id"
"241007732","Teman "
"241007732","Jejaring Sosial"
"241007733","Jejaring Sosial"
"241007738","Jejaring Sosial"
"241007739","Website infopmb.itpln.ac.id"
"241007741","Media Cetak (Surat Kabar, Koran, Majalah)"
"241007741","Media Promosi Cetak (Poster, Flyer, Brosur)"
"241007741","Jejaring Sosial"
"241007745","Website infopmb.itpln.ac.id"
"241007750","Jejaring Sosial"
"241007750","Media Elektronik (Televisi, Radio)"
"241007751","Jejaring Sosial"
"241007752","Website Lain"
"241007753","Jejaring Sosial"
"241007763","Guru / Sekolah"
"241007764","Teman "
"241007765","Teman "
"241007765","Jejaring Sosial"
"241007765","Website infopmb.itpln.ac.id"
"241007766","Jejaring Sosial"
"241007767","Website infopmb.itpln.ac.id"
"241007770","Jejaring Sosial"
"241007776","Jejaring Sosial"
"241007778","Jejaring Sosial"
"241007781","Jejaring Sosial"
"241007786","Website infopmb.itpln.ac.id"
"241007787","Website infopmb.itpln.ac.id"
"241007787","Guru / Sekolah"
"241007788","Jejaring Sosial"
"241007790","Teman "
"241007796","Jejaring Sosial"
"241007796","Website infopmb.itpln.ac.id"
"241007798","Media Cetak (Surat Kabar, Koran, Majalah)"
"241007798","Teman "
"241007801","Jejaring Sosial"
"241007803","Jejaring Sosial"
"241007806","Teman "
"241007808","Jejaring Sosial"
"241007810","Teman "
"241007811","Jejaring Sosial"
"241007815","Media Promosi Cetak (Poster, Flyer, Brosur)"
"241007816","Teman "
"241007818","Teman "
"241007819","Media Elektronik (Televisi, Radio)"
"241007826","Jejaring Sosial"
"241007828","Guru / Sekolah"
"241007829","Teman "
"241007832","Jejaring Sosial"
"241007833","Website infopmb.itpln.ac.id"
"241007836","Jejaring Sosial"
"241007838","Jejaring Sosial"
"241007841","Website infopmb.itpln.ac.id"
"241007842","Jejaring Sosial"
"241007842","Website infopmb.itpln.ac.id"
"241007847","Forum Diskusi Online"
"241007847","Jejaring Sosial"
"241007847","Website infopmb.itpln.ac.id"
"241007851","Website infopmb.itpln.ac.id"
"241007853","Jejaring Sosial"
"241007853","Website infopmb.itpln.ac.id"
"241007854","Jejaring Sosial"
"241007862","Website Lain"
"241007865","Website infopmb.itpln.ac.id"
"241007871","Teman "
"241007872","Jejaring Sosial"
"241007877","Jejaring Sosial"
"241007877","Media Elektronik (Televisi, Radio)"
"241007882","Website infopmb.itpln.ac.id"
"241007883","Jejaring Sosial"
"241007885","Website infopmb.itpln.ac.id"
"241007886","Jejaring Sosial"
"241007891","Website infopmb.itpln.ac.id"
"241007892","Media Cetak (Surat Kabar, Koran, Majalah)"
"241007892","Website infopmb.itpln.ac.id"
"241007893","Guru / Sekolah"
"241007894","Jejaring Sosial"
"241007894","Guru / Sekolah"
"241007898","Website Lain"
"241007899","Jejaring Sosial"
"241007903","Jejaring Sosial"
"241007903","Website infopmb.itpln.ac.id"
"241007910","Teman "
"241007910","Jejaring Sosial"
"241007912","Teman "
"241007912","Website infopmb.itpln.ac.id"
"241007913","Jejaring Sosial"
"241007913","Teman "
"241007917","Website infopmb.itpln.ac.id"
"241007918","Jejaring Sosial"
"241007921","Guru / Sekolah"
"241007927","Forum Diskusi Online"
"241007927","Jejaring Sosial"
"241007930","Media Promosi Cetak (Poster, Flyer, Brosur)"
"241007931","Jejaring Sosial"
"241007933","Teman "
"241007935","Teman "
"241007936","Website infopmb.itpln.ac.id"
"241007936","Jejaring Sosial"
"241007938","Jejaring Sosial"
"241007942","Jejaring Sosial"
"241007943","Website infopmb.itpln.ac.id"
"241007944","Jejaring Sosial"
"241007946","Jejaring Sosial"
"241007948","Jejaring Sosial"
"241007949","Guru / Sekolah"
"241007950","Media Promosi Cetak (Poster, Flyer, Brosur)"
"241007951","Jejaring Sosial"
"241007952","Media Promosi Cetak (Poster, Flyer, Brosur)"
"241007956","Website infopmb.itpln.ac.id"
"241007957","Forum Diskusi Online"
"241007963","Website infopmb.itpln.ac.id"
"241007964","Jejaring Sosial"
"241007964","Media Elektronik (Televisi, Radio)"
"241007966","Website infopmb.itpln.ac.id"
"241007973","Jejaring Sosial"
"241007973","Website infopmb.itpln.ac.id"
"241007976","Guru / Sekolah"
"241007978","Jejaring Sosial"
"241007979","Jejaring Sosial"
"241007981","Website infopmb.itpln.ac.id"
"241007982","Website infopmb.itpln.ac.id"
"241007983","Website infopmb.itpln.ac.id"
"241007984","Jejaring Sosial"
"241007984","Website Lain"
"241007984","Media Promosi Cetak (Poster, Flyer, Brosur)"
"241007985","Jejaring Sosial"
"241007986","Jejaring Sosial"
"241007988","Teman "
"241007988","Guru / Sekolah"
"241007988","Jejaring Sosial"
"241007989","Jejaring Sosial"
"241007994","Jejaring Sosial"
"241007995","Jejaring Sosial"
"241008001","Jejaring Sosial"
"241008002","Media Promosi Cetak (Poster, Flyer, Brosur)"
"241008005","Media Promosi Cetak (Poster, Flyer, Brosur)"
"241008006","Website Lain"
"241008006","Jejaring Sosial"
"241008007","Media Promosi Cetak (Poster, Flyer, Brosur)"
"241008009","Jejaring Sosial"
"241008010","Jejaring Sosial"
"241008011","Jejaring Sosial"
"241008013","Website infopmb.itpln.ac.id"
"241008015","Website infopmb.itpln.ac.id"
"241008015","Email / SMS Broadcast"
"241008017","Website infopmb.itpln.ac.id"
"241008017","Website Lain"
"241008018","Teman "
"241008019","Website Lain"
"241008020","Jejaring Sosial"
"241008020","Website infopmb.itpln.ac.id"
"241008020","Teman "
"241008020","Media Elektronik (Televisi, Radio)"
"241008021","Jejaring Sosial"
"241008021","Website infopmb.itpln.ac.id"
"241008021","Teman "
"241008023","Website infopmb.itpln.ac.id"
"241008026","Website infopmb.itpln.ac.id"
"241008026","Teman "
"241008031","HIMDA"
"241008032","Website Lain"
"241008035","Media Cetak (Surat Kabar, Koran, Majalah)"
"241008035","Jejaring Sosial"
"241008035","Website infopmb.itpln.ac.id"
"241008036","Jejaring Sosial"
"241008036","Website Lain"
"241008036","Website infopmb.itpln.ac.id"
"241008041","Website infopmb.itpln.ac.id"
"241008041","Website Lain"
"241008041","Jejaring Sosial"
"241008042","Teman "
"241008043","Jejaring Sosial"
"241008044","Teman "
"241008045","Media Elektronik (Televisi, Radio)"
"241008048","Media Promosi Cetak (Poster, Flyer, Brosur)"
"241008048","Website infopmb.itpln.ac.id"
"241008050","Website infopmb.itpln.ac.id"
"241008052","Jejaring Sosial"
"241008054","Teman "
"241008055","Media Elektronik (Televisi, Radio)"
"241008055","Jejaring Sosial"
"241008055","HIMDA"
"241008056","Teman "
"241008057","Jejaring Sosial"
"241008059","Jejaring Sosial"
"241008062","Jejaring Sosial"
"241008063","Jejaring Sosial"
"241008065","Forum Diskusi Online"
"241008066","Forum Diskusi Online"
"241008066","Website infopmb.itpln.ac.id"
"241008067","Teman "
"241008069","Teman "
"241008070","Media Cetak (Surat Kabar, Koran, Majalah)"
"241008072","Jejaring Sosial"
"241008073","Teman "
"241008076","Teman "
"241008077","Website Lain"
"241008077","Teman "
"241008077","Website infopmb.itpln.ac.id"
"241008077","Jejaring Sosial"
"241008078","Website infopmb.itpln.ac.id"
"241008080","Media Promosi Cetak (Poster, Flyer, Brosur)"
"241008082","Jejaring Sosial"
"241008083","Jejaring Sosial"
"241008084","Website infopmb.itpln.ac.id"
"241008084","Jejaring Sosial"
"241008087","Teman "
"241008091","Teman "
"241008092","Jejaring Sosial"
"241008095","Website Lain"
"241008095","Jejaring Sosial"
"241008096","Website infopmb.itpln.ac.id"
"241008098","Website infopmb.itpln.ac.id"
"241008098","Jejaring Sosial"
"241008098","Website Lain"
"241008100","Teman "
"241008100","Website infopmb.itpln.ac.id"
"241008100","Jejaring Sosial"
"241008106","Media Promosi Cetak (Poster, Flyer, Brosur)"
"241008106","Guru / Sekolah"
"241008111","Jejaring Sosial"
"241008112","Media Cetak (Surat Kabar, Koran, Majalah)"
"241008116","Website infopmb.itpln.ac.id"
"241008116","Jejaring Sosial"
"241008117","Website Lain"
"241008117","Email / SMS Broadcast"
"241008117","Jejaring Sosial"
"241008117","Website infopmb.itpln.ac.id"
"241008120","Website infopmb.itpln.ac.id"
"241008123","Website infopmb.itpln.ac.id"
"241008126","Website infopmb.itpln.ac.id"
"241008129","Guru / Sekolah"
"241008130","Teman "
"241008130","Website infopmb.itpln.ac.id"
"241008130","Jejaring Sosial"
"241008131","Teman "
"241008132","Website infopmb.itpln.ac.id"
"241008133","Website infopmb.itpln.ac.id"
"241008133","Jejaring Sosial"
"241008133","Media Elektronik (Televisi, Radio)"
"241008133","Website Lain"
"241008138","Jejaring Sosial"
"241008141","Website infopmb.itpln.ac.id"
"241008141","Guru / Sekolah"
"241008144","Website infopmb.itpln.ac.id"
"241008148","Jejaring Sosial"
"241008151","Website Lain"
"241008151","Media Promosi Cetak (Poster, Flyer, Brosur)"
"241008151","Website infopmb.itpln.ac.id"
"241008156","Website infopmb.itpln.ac.id"
"241008157","Website infopmb.itpln.ac.id"
"241008158","Media Elektronik (Televisi, Radio)"
"241008158","Jejaring Sosial"
"241008161","Teman "
"241008163","Website infopmb.itpln.ac.id"
"241008164","Media Cetak (Surat Kabar, Koran, Majalah)"
"241008165","Jejaring Sosial"
"241008165","Guru / Sekolah"
"241008167","Teman "
"241008169","Jejaring Sosial"
"241008171","Website Lain"
"241008171","Media Elektronik (Televisi, Radio)"
"241008173","Website infopmb.itpln.ac.id"
"241008173","Jejaring Sosial"
"241008174","Website infopmb.itpln.ac.id"
"241008174","Media Promosi Cetak (Poster, Flyer, Brosur)"
"241008174","Jejaring Sosial"
"241008174","Media Cetak (Surat Kabar, Koran, Majalah)"
"241008175","Media Elektronik (Televisi, Radio)"
"241008175","Website infopmb.itpln.ac.id"
"241008176","Website infopmb.itpln.ac.id"
"241008177","Website infopmb.itpln.ac.id"
"241008177","Jejaring Sosial"
"241008177","Teman "
"241008180","Jejaring Sosial"
"241008180","Teman "
"241008183","Jejaring Sosial"
"241008183","Teman "
"241008183","Email / SMS Broadcast"
"241008185","Teman "
"241008186","Website infopmb.itpln.ac.id"
"241008187","Guru / Sekolah"
"241008188","Jejaring Sosial"
"241008190","Jejaring Sosial"
"241008193","Media Cetak (Surat Kabar, Koran, Majalah)"
"241008198","Teman "
"241008198","Jejaring Sosial"
"241008199","Website infopmb.itpln.ac.id"
"241008200","Website infopmb.itpln.ac.id"
"241008201","Teman "
"241008202","Website Lain"
"241008202","Teman "
"241008203","Media Cetak (Surat Kabar, Koran, Majalah)"
"241008203","Media Promosi Cetak (Poster, Flyer, Brosur)"
"241008204","Media Promosi Cetak (Poster, Flyer, Brosur)"
"241008205","Jejaring Sosial"
"241008205","Website Lain"
"241008205","Website infopmb.itpln.ac.id"
"241008206","Teman "
"241008212","Jejaring Sosial"
"241008212","Website Lain"
"241008214","Website infopmb.itpln.ac.id"
"241008214","Teman "
"241008214","Jejaring Sosial"
"241008219","Website Lain"
"241008220","Forum Diskusi Online"
"241008220","Website infopmb.itpln.ac.id"
"241008220","Jejaring Sosial"
"241008221","Website infopmb.itpln.ac.id"
"241008222","Website infopmb.itpln.ac.id"
"241008225","Website infopmb.itpln.ac.id"
"241008225","Jejaring Sosial"
"241008226","Teman "
"241008230","Jejaring Sosial"
"241008231","Website infopmb.itpln.ac.id"
"241008231","Jejaring Sosial"
"241008231","Email / SMS Broadcast"
"241008233","Teman "
"241008233","Website Lain"
"241008233","Jejaring Sosial"
"241008234","Jejaring Sosial"
"241008236","Guru / Sekolah"
"241008237","Guru / Sekolah"
"241008240","Jejaring Sosial"
"241008241","Media Elektronik (Televisi, Radio)"
"241008241","Website infopmb.itpln.ac.id"
"241008241","Jejaring Sosial"
"241008243","Jejaring Sosial"
"241008245","Jejaring Sosial"
"241008247","Website infopmb.itpln.ac.id"
"241008248","Media Cetak (Surat Kabar, Koran, Majalah)"
"241008248","Website infopmb.itpln.ac.id"
"241008249","Website infopmb.itpln.ac.id"
"241008251","Teman "
"241008253","Website infopmb.itpln.ac.id"
"241008253","Website Lain"
"241008253","Jejaring Sosial"
"241008254","Teman "
"241008255","Guru / Sekolah"
"241008257","Jejaring Sosial"
"241008261","Website Lain"
"241008264","Guru / Sekolah"
"241008264","Forum Diskusi Online"
"241008264","Website Lain"
"241008264","Jejaring Sosial"
"241008270","Teman "
"241008271","Media Cetak (Surat Kabar, Koran, Majalah)"
"241008271","Website Lain"
"241008274","Jejaring Sosial"
"241008279","Website infopmb.itpln.ac.id"
"241008279","Website Lain"
"241008281","Guru / Sekolah"
"241008283","Media Promosi Cetak (Poster, Flyer, Brosur)"
"241008284","Jejaring Sosial"
"241008286","Website infopmb.itpln.ac.id"
"241008291","Media Elektronik (Televisi, Radio)"
"241008291","Website infopmb.itpln.ac.id"
"241008292","Jejaring Sosial"
"241008292","Website Lain"
"241008295","Jejaring Sosial"
"241008299","Website Lain"
"241008299","Guru / Sekolah"
"241008300","Guru / Sekolah"
"241008300","Email / SMS Broadcast"
"241008305","Teman "
"241008307","Jejaring Sosial"
"241008307","Website infopmb.itpln.ac.id"
"241008307","Guru / Sekolah"
"241008310","Website infopmb.itpln.ac.id"
"241008310","Jejaring Sosial"
"241008312","Website infopmb.itpln.ac.id"
"241008313","Jejaring Sosial"
"241008315","Jejaring Sosial"
"241008317","Media Promosi Cetak (Poster, Flyer, Brosur)"
"241008317","Jejaring Sosial"
"241008318","Media Promosi Cetak (Poster, Flyer, Brosur)"
"241008319","Website infopmb.itpln.ac.id"
"241008320","Jejaring Sosial"
"241008320","Website infopmb.itpln.ac.id"
"241008323","Guru / Sekolah"
"241008326","Website infopmb.itpln.ac.id"
"241008327","Website infopmb.itpln.ac.id"
"241008328","Website infopmb.itpln.ac.id"
"241008330","Website infopmb.itpln.ac.id"
"241008333","Jejaring Sosial"
"241008333","Teman "
"241008334","Website infopmb.itpln.ac.id"
"241008334","Jejaring Sosial"
"241008335","Media Elektronik (Televisi, Radio)"
"241008337","Website infopmb.itpln.ac.id"
"241008340","Jejaring Sosial"
"241008342","Website infopmb.itpln.ac.id"
"241008342","Teman "
"241008344","Jejaring Sosial"
"241008347","Media Cetak (Surat Kabar, Koran, Majalah)"
"241008349","Website infopmb.itpln.ac.id"
"241008353","Website Lain"
"241008354","Jejaring Sosial"
"241008355","Media Elektronik (Televisi, Radio)"
"241008355","Website infopmb.itpln.ac.id"
"241008355","Media Promosi Cetak (Poster, Flyer, Brosur)"
"241008355","Media Cetak (Surat Kabar, Koran, Majalah)"
"241008356","Website Lain"
"241008356","Forum Diskusi Online"
"241008356","Website infopmb.itpln.ac.id"
"241008356","Jejaring Sosial"
"241008357","Teman "
"241008358","Teman "
"241008358","Media Elektronik (Televisi, Radio)"
"241008358","Website infopmb.itpln.ac.id"
"241008361","Teman "
"241008362","Teman "
"241008363","Forum Diskusi Online"
"241008364","Media Promosi Cetak (Poster, Flyer, Brosur)"
"241008365","Email / SMS Broadcast"
"241008365","Media Promosi Cetak (Poster, Flyer, Brosur)"
"241008366","Website infopmb.itpln.ac.id"
"241008367","Teman "
"241008369","Website infopmb.itpln.ac.id"
"241008372","Website infopmb.itpln.ac.id"
"241008373","Teman "
"241008374","Website infopmb.itpln.ac.id"
"241008374","Media Elektronik (Televisi, Radio)"
"241008374","Teman "
"241008375","Jejaring Sosial"
"241008376","Teman "
"241008377","Teman "
"241008379","Jejaring Sosial"
"241008379","Website infopmb.itpln.ac.id"
"241008380","Jejaring Sosial"
"241008381","Website infopmb.itpln.ac.id"
"241008382","Teman "
"241008385","Jejaring Sosial"
"241008386","Media Elektronik (Televisi, Radio)"
"241008387","Website infopmb.itpln.ac.id"
"241008387","Jejaring Sosial"
"241008388","Website infopmb.itpln.ac.id"
"241008388","Media Cetak (Surat Kabar, Koran, Majalah)"
"241008391","Website infopmb.itpln.ac.id"
"241008393","Website infopmb.itpln.ac.id"
"241008393","Jejaring Sosial"
"241008394","Website infopmb.itpln.ac.id"
"241008395","Teman "
"241008395","Website infopmb.itpln.ac.id"
"241008395","Jejaring Sosial"
"241008399","Website infopmb.itpln.ac.id"
"241008399","Media Promosi Cetak (Poster, Flyer, Brosur)"
"241008399","Media Cetak (Surat Kabar, Koran, Majalah)"
"241008399","Media Elektronik (Televisi, Radio)"
"241008400","Website infopmb.itpln.ac.id"
"241008401","Teman "
"241008403","Website infopmb.itpln.ac.id"
"241008404","Teman "
"241008404","Media Cetak (Surat Kabar, Koran, Majalah)"
"241008404","Website infopmb.itpln.ac.id"
"241008404","Jejaring Sosial"
"241008405","Teman "
"241008406","Media Promosi Cetak (Poster, Flyer, Brosur)"
"241008407","Guru / Sekolah"
"241008407","Website infopmb.itpln.ac.id"
"241008407","Jejaring Sosial"
"241008408","Website infopmb.itpln.ac.id"
"241008409","Website infopmb.itpln.ac.id"
"241008410","Website Lain"
"241008410","Jejaring Sosial"
"241008413","Jejaring Sosial"
"241008413","Website infopmb.itpln.ac.id"
"241008414","Media Elektronik (Televisi, Radio)"
"241008414","Website infopmb.itpln.ac.id"
"241008414","Jejaring Sosial"
"241008419","Jejaring Sosial"
"241008421","Guru / Sekolah"
"241008421","Teman "
"241008421","Jejaring Sosial"
"241008422","Teman "
"241008423","Website infopmb.itpln.ac.id"
"241008423","Jejaring Sosial"
"241008426","Jejaring Sosial"
"241008427","Jejaring Sosial"
"241008428","Website infopmb.itpln.ac.id"
"241008429","Website infopmb.itpln.ac.id"
"241008429","Jejaring Sosial"
"241008429","Media Cetak (Surat Kabar, Koran, Majalah)"
"241008430","Teman "
"241008431","Jejaring Sosial"
"241008433","Website infopmb.itpln.ac.id"
"241008436","Website infopmb.itpln.ac.id"
"241008437","Media Cetak (Surat Kabar, Koran, Majalah)"
"241008439","Media Elektronik (Televisi, Radio)"
"241008439","Website infopmb.itpln.ac.id"
"241008440","Website infopmb.itpln.ac.id"
"241008444","Jejaring Sosial"
"241008446","Teman "
"241008446","Jejaring Sosial"
"241008447","Website Lain"
"241008447","Jejaring Sosial"
"241008447","Media Elektronik (Televisi, Radio)"
"241008450","Teman "
"241008456","Guru / Sekolah"
"241008456","Website infopmb.itpln.ac.id"
"241008465","Website Lain"
"241008466","Teman "
"241008469","Jejaring Sosial"
"241008470","Jejaring Sosial"
"241008471","Website infopmb.itpln.ac.id"
"241008471","Guru / Sekolah"
"241008471","Media Cetak (Surat Kabar, Koran, Majalah)"
"241008472","Teman "
"241008473","Jejaring Sosial"
"241008473","Email / SMS Broadcast"
"241008474","Teman "
"241008475","Website Lain"
"241008475","Teman "
"241008475","Jejaring Sosial"
"241008477","Website infopmb.itpln.ac.id"
"241008478","Jejaring Sosial"
"241008478","Website infopmb.itpln.ac.id"
"241008479","Jejaring Sosial"
"241008481","Forum Diskusi Online"
"241008490","Jejaring Sosial"
"241008490","Teman "
"241008491","Website infopmb.itpln.ac.id"
"241008493","Jejaring Sosial"
"241008496","Media Promosi Cetak (Poster, Flyer, Brosur)"
"241008496","Website infopmb.itpln.ac.id"
"241008496","Guru / Sekolah"
"241008496","Media Elektronik (Televisi, Radio)"
"241008496","Jejaring Sosial"
"241008497","Jejaring Sosial"
"241008499","Website infopmb.itpln.ac.id"
"241008501","Jejaring Sosial"
"241008502","Website infopmb.itpln.ac.id"
"241008503","Jejaring Sosial"
"241008505","Media Elektronik (Televisi, Radio)"
"241008508","Teman "
"241008512","Jejaring Sosial"
"241008512","Teman "
"241008514","Website infopmb.itpln.ac.id"
"241008515","Teman "
"241008517","Website Lain"
"241008518","Website infopmb.itpln.ac.id"
"241008518","Media Elektronik (Televisi, Radio)"
"241008518","Jejaring Sosial"
"241008522","Website Lain"
"241008528","Jejaring Sosial"
"241008529","Website infopmb.itpln.ac.id"
"241008530","Website Lain"
"241008532","Teman "
"241008532","Jejaring Sosial"
"241008539","Teman "
"241008540","Jejaring Sosial"
"241008542","Guru / Sekolah"
"241008543","Website Lain"
"241008548","Website infopmb.itpln.ac.id"
"241008549","Website Lain"
"241008549","Website infopmb.itpln.ac.id"
"241008550","Teman "
"241008552","Website Lain"
"241008552","Media Elektronik (Televisi, Radio)"
"241008558","Media Elektronik (Televisi, Radio)"
"241008558","Teman "
"241008559","Website Lain"
"241008559","Website infopmb.itpln.ac.id"
"241008559","Jejaring Sosial"
"241008561","Website infopmb.itpln.ac.id"
"241008561","Jejaring Sosial"
"241008562","Guru / Sekolah"
"241008563","Website infopmb.itpln.ac.id"
"241008567","Jejaring Sosial"
"241008568","Jejaring Sosial"
"241008573","Website infopmb.itpln.ac.id"
"241008575","Media Elektronik (Televisi, Radio)"
"241008575","Website infopmb.itpln.ac.id"
"241008575","Jejaring Sosial"
"241008577","Jejaring Sosial"
"241008579","Website infopmb.itpln.ac.id"
"241008581","Website infopmb.itpln.ac.id"
"241008585","Website infopmb.itpln.ac.id"
"241008588","Website Lain"
"241008592","Website infopmb.itpln.ac.id"
"241008592","Media Promosi Cetak (Poster, Flyer, Brosur)"
"241008592","Website Lain"
"241008592","Media Cetak (Surat Kabar, Koran, Majalah)"
"241008592","Media Elektronik (Televisi, Radio)"
"241008593","Jejaring Sosial"
"241008595","Teman "
"241008595","Jejaring Sosial"
"241008599","Jejaring Sosial"
"241008601","Website infopmb.itpln.ac.id"
"241008603","Media Elektronik (Televisi, Radio)"
"241008603","Media Cetak (Surat Kabar, Koran, Majalah)"
"241008604","Guru / Sekolah"
"241008605","Jejaring Sosial"
"241008606","Jejaring Sosial"
"241008613","Website Lain"
"241008614","Jejaring Sosial"
"241008614","Website Lain"
"241008616","Teman "
"241008622","Website infopmb.itpln.ac.id"
"241008623","Teman "
"241008624","Jejaring Sosial"
"241008627","Jejaring Sosial"
"241008628","Media Promosi Cetak (Poster, Flyer, Brosur)"
"241008628","Guru / Sekolah"
"241008630","Jejaring Sosial"
"241008634","Media Promosi Cetak (Poster, Flyer, Brosur)"
"241008637","Jejaring Sosial"
"241008638","Jejaring Sosial"
"241008640","Website infopmb.itpln.ac.id"
"241008640","Jejaring Sosial"
"241008644","Teman "
"241008645","Website infopmb.itpln.ac.id"
"241008645","Website Lain"
"241008645","Jejaring Sosial"
"241008645","Media Promosi Cetak (Poster, Flyer, Brosur)"
"241008646","Guru / Sekolah"
"241008647","Website infopmb.itpln.ac.id"
"241008648","Jejaring Sosial"
"241008650","Website infopmb.itpln.ac.id"
"241008653","Website Lain"
"241008657","Website Lain"
"241008657","Media Elektronik (Televisi, Radio)"
"241008657","Website infopmb.itpln.ac.id"
"241008658","Email / SMS Broadcast"
"241008658","Spanduk"
"241008658","Forum Diskusi Online"
"241008658","Media Promosi Cetak (Poster, Flyer, Brosur)"
"241008658","Website infopmb.itpln.ac.id"
"241008658","Website Lain"
"241008658","Media Cetak (Surat Kabar, Koran, Majalah)"
"241008658","Teman "
"241008658","HIMDA"
"241008658","Guru / Sekolah"
"241008658","Media Elektronik (Televisi, Radio)"
"241008658","Jejaring Sosial"
"241008661","Guru / Sekolah"
"241008663","Website Lain"
"241008663","Jejaring Sosial"
"241008663","Media Promosi Cetak (Poster, Flyer, Brosur)"
"241008663","Website infopmb.itpln.ac.id"
"241008665","Website infopmb.itpln.ac.id"
"241008666","Website infopmb.itpln.ac.id"
"241008667","Website infopmb.itpln.ac.id"
"241008669","Jejaring Sosial"
"241008669","Website infopmb.itpln.ac.id"
"241008672","Teman "
"241008673","Jejaring Sosial"
"241008673","Forum Diskusi Online"
"241008673","Website infopmb.itpln.ac.id"
"241008676","Website infopmb.itpln.ac.id"
"241008676","Teman "
"241008677","Website infopmb.itpln.ac.id"
"241008677","Jejaring Sosial"
"241008679","Jejaring Sosial"
"241008682","Media Cetak (Surat Kabar, Koran, Majalah)"
"241008687","Teman "
"241008687","Jejaring Sosial"
"241008688","Website infopmb.itpln.ac.id"
"241008689","Teman "
"241008692","Teman "
"241008695","Jejaring Sosial"
"241008696","Guru / Sekolah"
"241008696","Website infopmb.itpln.ac.id"
"241008696","Website Lain"
"241008697","Jejaring Sosial"
"241008703","Website infopmb.itpln.ac.id"
"241008704","Jejaring Sosial"
"241008705","Website Lain"
"241008707","Website infopmb.itpln.ac.id"
"241008711","Jejaring Sosial"
"241008712","Website Lain"
"241008715","Website Lain"
"241008716","Media Cetak (Surat Kabar, Koran, Majalah)"
"241008717","Forum Diskusi Online"
"241008717","Website infopmb.itpln.ac.id"
"241008717","Jejaring Sosial"
"241008717","Website Lain"
"241008718","Jejaring Sosial"
"241008719","Website infopmb.itpln.ac.id"
"241008726","Website infopmb.itpln.ac.id"
"241008732","Guru / Sekolah"
"241008732","Teman "
"241008732","Website infopmb.itpln.ac.id"
"241008737","Website Lain"
"241008737","Website infopmb.itpln.ac.id"
"241008739","Website infopmb.itpln.ac.id"
"241008740","Jejaring Sosial"
"241008744","Teman "
"241008744","Website infopmb.itpln.ac.id"
"241008745","Website Lain"
"241008745","Media Elektronik (Televisi, Radio)"
"241008745","Website infopmb.itpln.ac.id"
"241008745","Media Promosi Cetak (Poster, Flyer, Brosur)"
"241008745","Media Cetak (Surat Kabar, Koran, Majalah)"
"241008747","Website infopmb.itpln.ac.id"
"241008747","Jejaring Sosial"
"241008749","Teman "
"241008750","Jejaring Sosial"
"241008751","Jejaring Sosial"
"241008751","Website infopmb.itpln.ac.id"
"241008752","Website infopmb.itpln.ac.id"
"241008753","Website infopmb.itpln.ac.id"
"241008763","Website Lain"
"241008763","Jejaring Sosial"
"241008765","Website Lain"
"241008766","Jejaring Sosial"
"241008766","Website infopmb.itpln.ac.id"
"241008767","Website infopmb.itpln.ac.id"
"241008768","Website infopmb.itpln.ac.id"
"241008768","Jejaring Sosial"
"241008770","Jejaring Sosial"
"241008771","Website infopmb.itpln.ac.id"
"241008773","Media Elektronik (Televisi, Radio)"
"241008773","Jejaring Sosial"
"241008774","Website infopmb.itpln.ac.id"
"241008775","Teman "
"241008776","Media Cetak (Surat Kabar, Koran, Majalah)"
"241008776","Teman "
"241008776","Guru / Sekolah"
"241008776","Website infopmb.itpln.ac.id"
"241008776","Jejaring Sosial"
"241008776","Media Promosi Cetak (Poster, Flyer, Brosur)"
"241008780","Website infopmb.itpln.ac.id"
"241008781","Media Elektronik (Televisi, Radio)"
"241008781","Website infopmb.itpln.ac.id"
"241008781","Media Promosi Cetak (Poster, Flyer, Brosur)"
"241008784","Website infopmb.itpln.ac.id"
"241008785","Guru / Sekolah"
"241008785","Jejaring Sosial"
"241008786","Website infopmb.itpln.ac.id"
"241008787","Jejaring Sosial"
"241008789","Website infopmb.itpln.ac.id"
"241008791","Jejaring Sosial"
"241008792","Jejaring Sosial"
"241008796","Forum Diskusi Online"
"241008798","Website infopmb.itpln.ac.id"
"241008799","Jejaring Sosial"
"241008800","Jejaring Sosial"
"241008800","Website infopmb.itpln.ac.id"
"241008800","Teman "
"241008800","Guru / Sekolah"
"241008802","Website Lain"
"241008805","Website infopmb.itpln.ac.id"
"241008808","Teman "
"241008810","Website infopmb.itpln.ac.id"
"241008813","Jejaring Sosial"
"241008814","Teman "
"241008814","Guru / Sekolah"
"241008815","Forum Diskusi Online"
"241008819","Jejaring Sosial"
"241008827","Teman "
"241008829","Teman "
"241008831","Media Elektronik (Televisi, Radio)"
"241008831","Jejaring Sosial"
"241008832","Jejaring Sosial"
"241008832","Website Lain"
"241008833","Media Promosi Cetak (Poster, Flyer, Brosur)"
"241008835","Jejaring Sosial"
"241008839","Media Elektronik (Televisi, Radio)"
"241008839","Jejaring Sosial"
"241008839","Teman "
"241008840","Jejaring Sosial"
"241008842","Website infopmb.itpln.ac.id"
"241008842","Media Promosi Cetak (Poster, Flyer, Brosur)"
"241008844","Jejaring Sosial"
"241008844","Website infopmb.itpln.ac.id"
"241008844","Website Lain"
"241008845","Guru / Sekolah"
"241008845","Media Promosi Cetak (Poster, Flyer, Brosur)"
"241008846","Website infopmb.itpln.ac.id"
"241008846","Jejaring Sosial"
"241008848","Jejaring Sosial"
"241008848","Teman "
"241008850","Teman "
"241008858","Website infopmb.itpln.ac.id"
"241008861","Jejaring Sosial"
"241008861","Website Lain"
"241008861","Website infopmb.itpln.ac.id"
"241008864","Website infopmb.itpln.ac.id"
"241008865","Jejaring Sosial"
"241008866","Jejaring Sosial"
"241008870","Jejaring Sosial"
"241008871","Jejaring Sosial"
"241008875","Media Promosi Cetak (Poster, Flyer, Brosur)"
"241008875","Media Cetak (Surat Kabar, Koran, Majalah)"
"241008876","Jejaring Sosial"
"241008877","Jejaring Sosial"
"241008877","Teman "
"241008879","Jejaring Sosial"
"241008882","Jejaring Sosial"
"241008884","Teman "
"241008887","Jejaring Sosial"
"241008888","Jejaring Sosial"
"241008890","Teman "
"241008893","Website infopmb.itpln.ac.id"
"241008896","Teman "
"241008898","Media Elektronik (Televisi, Radio)"
"241008898","Media Promosi Cetak (Poster, Flyer, Brosur)"
"241008898","Teman "
"241008900","Jejaring Sosial"
"241008900","Website infopmb.itpln.ac.id"
"241008902","Media Elektronik (Televisi, Radio)"
"241008902","Website infopmb.itpln.ac.id"
"241008902","Teman "
"241008904","Media Promosi Cetak (Poster, Flyer, Brosur)"
"241008905","Media Promosi Cetak (Poster, Flyer, Brosur)"
"241008907","Jejaring Sosial"
"241008907","Website infopmb.itpln.ac.id"
"241008908","Jejaring Sosial"
"241008914","Teman "
"241008914","Jejaring Sosial"
"241008914","Website infopmb.itpln.ac.id"
"241008915","Jejaring Sosial"
"241008915","Website infopmb.itpln.ac.id"
"241008919","Teman "
"241008920","Website Lain"
"241008922","Guru / Sekolah"
"241008922","Jejaring Sosial"
"241008923","Teman "
"241008924","Jejaring Sosial"
"241008929","Media Elektronik (Televisi, Radio)"
"241008929","Website infopmb.itpln.ac.id"
"241008930","Jejaring Sosial"
"241008933","Media Elektronik (Televisi, Radio)"
"241008934","Media Promosi Cetak (Poster, Flyer, Brosur)"
"241008935","Jejaring Sosial"
"241008937","Website Lain"
"241008939","Jejaring Sosial"
"241008939","Website infopmb.itpln.ac.id"
"241008942","Website infopmb.itpln.ac.id"
"241008943","Jejaring Sosial"
"241008944","Website infopmb.itpln.ac.id"
"241008947","Teman "
"241008953","Website infopmb.itpln.ac.id"
"241008954","Website infopmb.itpln.ac.id"
"241008956","Jejaring Sosial"
"241008956","Teman "
"241008957","Teman "
"241008957","Jejaring Sosial"
"241008957","Website infopmb.itpln.ac.id"
"241008959","Jejaring Sosial"
"241008962","Jejaring Sosial"
"241008963","Jejaring Sosial"
"241008965","Forum Diskusi Online"
"241008965","Website infopmb.itpln.ac.id"
"241008970","Forum Diskusi Online"
"241008970","Website infopmb.itpln.ac.id"
"241008971","Jejaring Sosial"
"241008972","Media Elektronik (Televisi, Radio)"
"241008975","Guru / Sekolah"
"241008976","Jejaring Sosial"
"241008978","Website infopmb.itpln.ac.id"
"241008978","Forum Diskusi Online"
"241008984","Website infopmb.itpln.ac.id"
"241008984","Jejaring Sosial"
"241008985","Jejaring Sosial"
"241008985","Teman "
"241008993","Jejaring Sosial"
"241008994","Jejaring Sosial"
"241008996","Jejaring Sosial"
"241009000","Teman "
"241009001","Teman "
"241009001","Media Elektronik (Televisi, Radio)"
"241009001","Guru / Sekolah"
"241009005","Jejaring Sosial"
"241009006","Website infopmb.itpln.ac.id"
"241009008","Media Promosi Cetak (Poster, Flyer, Brosur)"
"241009011","Guru / Sekolah"
"241009012","Jejaring Sosial"
"241009016","Jejaring Sosial"
"241009018","Website infopmb.itpln.ac.id"
"241009018","Media Elektronik (Televisi, Radio)"
"241009018","Website Lain"
"241009018","Jejaring Sosial"
"241009020","Teman "
"241009021","Jejaring Sosial"
"241009022","Website infopmb.itpln.ac.id"
"241009023","Teman "
"241009024","Teman "
"241009027","Media Cetak (Surat Kabar, Koran, Majalah)"
"241009029","Website infopmb.itpln.ac.id"
"241009033","Media Elektronik (Televisi, Radio)"
"241009035","Media Cetak (Surat Kabar, Koran, Majalah)"
"241009035","Website infopmb.itpln.ac.id"
"241009036","Website infopmb.itpln.ac.id"
"241009039","Jejaring Sosial"
"241009039","Website infopmb.itpln.ac.id"
"241009039","Website Lain"
"241009041","Website infopmb.itpln.ac.id"
"241009043","Jejaring Sosial"
"241009043","Website infopmb.itpln.ac.id"
"241009043","Teman "
"241009043","Forum Diskusi Online"
"241009043","Website Lain"
"241009045","Teman "
"241009048","Jejaring Sosial"
"241009049","Jejaring Sosial"
"241009049","Media Elektronik (Televisi, Radio)"
"241009049","Guru / Sekolah"
"241009052","Jejaring Sosial"
"241009053","Teman "
"241009059","Jejaring Sosial"
"241009059","Website infopmb.itpln.ac.id"
"241009059","Media Elektronik (Televisi, Radio)"
"241009059","Website Lain"
"241009062","Website Lain"
"241009068","Teman "
"241009070","Jejaring Sosial"
"241009072","Website infopmb.itpln.ac.id"
"241009073","Website infopmb.itpln.ac.id"
"241009074","Teman "
"241009076","Jejaring Sosial"
"241009079","Media Cetak (Surat Kabar, Koran, Majalah)"
"241009079","Jejaring Sosial"
"241009079","Website infopmb.itpln.ac.id"
"241009079","Teman "
"241009079","Website Lain"
"241009080","Guru / Sekolah"
"241009082","Teman "
"241009083","Website infopmb.itpln.ac.id"
"241009085","Jejaring Sosial"
"241009085","Website Lain"
"241009088","Website infopmb.itpln.ac.id"
"241009088","Teman "
"241009088","Guru / Sekolah"
"241009089","Teman "
"241009089","Website infopmb.itpln.ac.id"
"241009089","Guru / Sekolah"
"241009090","Website Lain"
"241009091","Website infopmb.itpln.ac.id"
"241009091","Teman "
"241009092","Media Promosi Cetak (Poster, Flyer, Brosur)"
"241009093","Media Promosi Cetak (Poster, Flyer, Brosur)"
"241009095","Teman "
"241009095","Jejaring Sosial"
"241009098","Jejaring Sosial"
"241009100","Jejaring Sosial"
"241009101","Jejaring Sosial"
"241009103","Media Promosi Cetak (Poster, Flyer, Brosur)"
"241009103","Teman "
"241009105","Teman "
"241009106","Media Elektronik (Televisi, Radio)"
"241009106","Website infopmb.itpln.ac.id"
"241009109","Website infopmb.itpln.ac.id"
"241009113","Website Lain"
"241009114","Jejaring Sosial"
"241009120","Website infopmb.itpln.ac.id"
"241009121","Jejaring Sosial"
"241009127","Website infopmb.itpln.ac.id"
"241009132","Jejaring Sosial"
"241009133","Media Elektronik (Televisi, Radio)"
"241009133","Teman "
"241009133","Website infopmb.itpln.ac.id"
"241009139","Website Lain"
"241009139","Website infopmb.itpln.ac.id"
"241009139","Jejaring Sosial"
"241009141","Website infopmb.itpln.ac.id"
"241009142","Jejaring Sosial"
"241009149","Jejaring Sosial"
"241009149","Teman "
"241009153","Website infopmb.itpln.ac.id"
"241009157","Website Lain"
"241009157","Website infopmb.itpln.ac.id"
"241009157","Jejaring Sosial"
"241009157","Media Elektronik (Televisi, Radio)"
"241009158","Website infopmb.itpln.ac.id"
"241009158","Guru / Sekolah"
"241009158","Jejaring Sosial"
"241009163","Jejaring Sosial"
"241009165","Website infopmb.itpln.ac.id"
"241009165","Guru / Sekolah"
"241009165","Teman "
"241009168","Website infopmb.itpln.ac.id"
"241009169","Jejaring Sosial"
"241009173","Jejaring Sosial"
"241009173","Website infopmb.itpln.ac.id"
"241009175","Teman "
"241009178","Jejaring Sosial"
"241009180","Media Promosi Cetak (Poster, Flyer, Brosur)"
"241009180","Website infopmb.itpln.ac.id"
"241009183","Jejaring Sosial"
"241009184","Jejaring Sosial"
"241009187","Website infopmb.itpln.ac.id"
"241009187","Jejaring Sosial"
"241009188","Teman "
"241009188","Forum Diskusi Online"
"241009188","Website infopmb.itpln.ac.id"
"241009192","Guru / Sekolah"
"241009192","Website infopmb.itpln.ac.id"
"241009193","Teman "
"241009194","Media Promosi Cetak (Poster, Flyer, Brosur)"
"241009194","Jejaring Sosial"
"241009194","Website infopmb.itpln.ac.id"
"241009197","Jejaring Sosial"
"241009198","Jejaring Sosial"
"241009200","Jejaring Sosial"
"241009205","Spanduk"
"241009205","Website infopmb.itpln.ac.id"
"241009206","Teman "
"241009207","Email / SMS Broadcast"
"241009209","Website infopmb.itpln.ac.id"
"241009210","Website infopmb.itpln.ac.id"
"241009211","Email / SMS Broadcast"
"241009212","Website infopmb.itpln.ac.id"
"241009216","Website Lain"
"241009218","Media Cetak (Surat Kabar, Koran, Majalah)"
"241009218","Media Elektronik (Televisi, Radio)"
"241009224","Media Elektronik (Televisi, Radio)"
"241009230","Teman "
"241009231","Website Lain"
"241009232","Jejaring Sosial"
"241009234","Jejaring Sosial"
"241009235","Website infopmb.itpln.ac.id"
"241009235","Jejaring Sosial"
"241009236","Media Promosi Cetak (Poster, Flyer, Brosur)"
"241009238","Website infopmb.itpln.ac.id"
"241009239","Website infopmb.itpln.ac.id"
"241009242","Teman "
"241009242","Jejaring Sosial"
"241009243","Website infopmb.itpln.ac.id"
"241009245","Jejaring Sosial"
"241009245","Website infopmb.itpln.ac.id"
"241009246","Website Lain"
"241009246","Guru / Sekolah"
"241009246","Jejaring Sosial"
"241009246","Website infopmb.itpln.ac.id"
"241009246","Media Elektronik (Televisi, Radio)"
"241009248","Teman "
"241009248","Jejaring Sosial"
"241009250","Website infopmb.itpln.ac.id"
"241009251","Jejaring Sosial"
"241009252","Jejaring Sosial"
"241009252","Media Elektronik (Televisi, Radio)"
"241009253","Website infopmb.itpln.ac.id"
"241009254","Website Lain"
"241009254","Website infopmb.itpln.ac.id"
"241009254","Jejaring Sosial"
"241009255","Teman "
"241009258","Website infopmb.itpln.ac.id"
"241009259","Media Cetak (Surat Kabar, Koran, Majalah)"
"241009259","Jejaring Sosial"
"241009260","Jejaring Sosial"
"241009263","Website infopmb.itpln.ac.id"
"241009265","Jejaring Sosial"
"241009268","Jejaring Sosial"
"241009268","Website infopmb.itpln.ac.id"
"241009269","Website Lain"
"241009273","Jejaring Sosial"
"241009274","Jejaring Sosial"
"241009275","Website infopmb.itpln.ac.id"
"241009275","Jejaring Sosial"
"241009281","Website infopmb.itpln.ac.id"
"241009281","Jejaring Sosial"
"241009283","Teman "
"241009284","Guru / Sekolah"
"241009284","Teman "
"241009284","Media Cetak (Surat Kabar, Koran, Majalah)"
"241009285","Website infopmb.itpln.ac.id"
"241009288","Forum Diskusi Online"
"241009291","Media Cetak (Surat Kabar, Koran, Majalah)"
"241009291","Website infopmb.itpln.ac.id"
"241009295","Website infopmb.itpln.ac.id"
"241009295","Jejaring Sosial"
"241009297","Jejaring Sosial"
"241009301","Website infopmb.itpln.ac.id"
"241009303","Teman "
"241009304","Jejaring Sosial"
"241009304","Website Lain"
"241009305","Teman "
"241009312","Teman "
"241009317","Media Elektronik (Televisi, Radio)"
"241009317","Guru / Sekolah"
"241009317","Media Cetak (Surat Kabar, Koran, Majalah)"
"241009320","Website infopmb.itpln.ac.id"
"241009320","Teman "
"241009321","Jejaring Sosial"
"241009323","Jejaring Sosial"
"241009325","Website Lain"
"241009326","Website Lain"
"241009326","Teman "
"241009328","Website infopmb.itpln.ac.id"
"241009328","Media Elektronik (Televisi, Radio)"
"241009330","Website infopmb.itpln.ac.id"
"241009334","Jejaring Sosial"
"241009336","Media Cetak (Surat Kabar, Koran, Majalah)"
"241009337","Website infopmb.itpln.ac.id"
"241009338","Website infopmb.itpln.ac.id"
"241009339","Jejaring Sosial"
"241009343","Website infopmb.itpln.ac.id"
"241009344","Teman "
"241009348","Website infopmb.itpln.ac.id"
"241009350","Media Cetak (Surat Kabar, Koran, Majalah)"
"241009354","Media Cetak (Surat Kabar, Koran, Majalah)"
"241009357","Website Lain"
"241009357","Jejaring Sosial"
"241009358","Teman "
"241009359","Teman "
"241009361","Media Elektronik (Televisi, Radio)"
"241009363","Jejaring Sosial"
"241009364","Teman "
"241009376","Jejaring Sosial"
"241009378","Website infopmb.itpln.ac.id"
"241009381","Jejaring Sosial"
"241009385","Jejaring Sosial"
"241009386","Website Lain"
"241009387","Website infopmb.itpln.ac.id"
"241009387","Jejaring Sosial"
"241009388","Media Elektronik (Televisi, Radio)"
"241009388","Website Lain"
"241009388","Website infopmb.itpln.ac.id"
"241009388","Forum Diskusi Online"
"241009389","Teman "
"241009393","Website infopmb.itpln.ac.id"
"241009394","Teman "
"241009396","Website infopmb.itpln.ac.id"
"241009397","Website infopmb.itpln.ac.id"
"241009397","Teman "
"241009398","Teman "
"241009399","Website infopmb.itpln.ac.id"
"241009399","Guru / Sekolah"
"241009402","Website infopmb.itpln.ac.id"
"241009407","Website infopmb.itpln.ac.id"
"241009413","Website infopmb.itpln.ac.id"
"241009414","Website infopmb.itpln.ac.id"
"241009415","Jejaring Sosial"
"241009416","Jejaring Sosial"
"241009416","Website infopmb.itpln.ac.id"
"241009416","Teman "
"241009419","Jejaring Sosial"
"241009419","Teman "
"241009422","Jejaring Sosial"
"241009424","Website infopmb.itpln.ac.id"
"241009430","Guru / Sekolah"
"241009431","Website infopmb.itpln.ac.id"
"241009431","Teman "
"241009431","Guru / Sekolah"
"241009432","Media Elektronik (Televisi, Radio)"
"241009432","Guru / Sekolah"
"241009432","Website Lain"
"241009432","Jejaring Sosial"
"241009432","Website infopmb.itpln.ac.id"
"241009435","Jejaring Sosial"
"241009436","Website infopmb.itpln.ac.id"
"241009437","Guru / Sekolah"
"241009437","Teman "
"241009437","Website infopmb.itpln.ac.id"
"241009439","Media Cetak (Surat Kabar, Koran, Majalah)"
"241009439","Teman "
"241009441","Website infopmb.itpln.ac.id"
"241009441","Teman "
"241009448","Jejaring Sosial"
"241009451","Jejaring Sosial"
"241009453","Jejaring Sosial"
"241009454","Jejaring Sosial"
"241009454","Teman "
"241009455","Website infopmb.itpln.ac.id"
"241009456","Teman "
"241009464","Website infopmb.itpln.ac.id"
"241009465","Website Lain"
"241009465","Website infopmb.itpln.ac.id"
"241009466","Jejaring Sosial"
"241009470","Website infopmb.itpln.ac.id"
"241009471","Teman "
"241009475","Spanduk"
"241009476","Media Elektronik (Televisi, Radio)"
"241009479","Teman "
"241009482","Jejaring Sosial"
"241009482","Media Cetak (Surat Kabar, Koran, Majalah)"
"241009483","Website Lain"
"241009484","Media Elektronik (Televisi, Radio)"
"241009484","Media Cetak (Surat Kabar, Koran, Majalah)"
"241009484","Website infopmb.itpln.ac.id"
"241009485","Jejaring Sosial"
"241009487","Media Elektronik (Televisi, Radio)"
"241009487","Jejaring Sosial"
"241009487","Website infopmb.itpln.ac.id"
"241009488","Media Elektronik (Televisi, Radio)"
"241009489","Jejaring Sosial"
"241009494","Jejaring Sosial"
"241009494","Teman "
"241009494","Forum Diskusi Online"
"241009503","Jejaring Sosial"
"241009503","Website infopmb.itpln.ac.id"
"241009508","Website infopmb.itpln.ac.id"
"241009508","Guru / Sekolah"
"241009508","Jejaring Sosial"
"241009509","Teman "
"241009510","Jejaring Sosial"
"241009512","Media Elektronik (Televisi, Radio)"
"241009512","Jejaring Sosial"
"241009515","Teman "
"241009517","Guru / Sekolah"
"241009517","Media Promosi Cetak (Poster, Flyer, Brosur)"
"241009517","Teman "
"241009518","Teman "
"241009518","Guru / Sekolah"
"241009523","Website infopmb.itpln.ac.id"
"241009524","Website infopmb.itpln.ac.id"
"241009525","Website infopmb.itpln.ac.id"
"241009525","Guru / Sekolah"
"241009525","Website Lain"
"241009525","Teman "
"241009525","Jejaring Sosial"
"241009525","Forum Diskusi Online"
"241009527","Website Lain"
"241009527","Jejaring Sosial"
"241009528","Media Promosi Cetak (Poster, Flyer, Brosur)"
"241009528","Guru / Sekolah"
"241009534","Website Lain"
"241009535","Website infopmb.itpln.ac.id"
"241009536","Website infopmb.itpln.ac.id"
"241009537","Teman "
"241009538","Teman "
"241009544","Jejaring Sosial"
"241009545","Jejaring Sosial"
"241009546","Website infopmb.itpln.ac.id"
"241009546","Website Lain"
"241009547","Jejaring Sosial"
"241009547","Website Lain"
"241009549","Website Lain"
"241009549","Jejaring Sosial"
"241009549","Website infopmb.itpln.ac.id"
"241009549","Forum Diskusi Online"
"241009549","Teman "
"241009552","Website infopmb.itpln.ac.id"
"241009554","Media Elektronik (Televisi, Radio)"
"241009554","Jejaring Sosial"
"241009554","Website infopmb.itpln.ac.id"
"241009554","Website Lain"
"241009556","Teman "
"241009558","Teman "
"241009560","Jejaring Sosial"
"241009565","Website infopmb.itpln.ac.id"
"241009567","Jejaring Sosial"
"241009567","Website infopmb.itpln.ac.id"
"241009567","Media Elektronik (Televisi, Radio)"
"241009567","Media Cetak (Surat Kabar, Koran, Majalah)"
"241009567","Website Lain"
"241009567","Teman "
"241009567","Forum Diskusi Online"
"241009570","Website infopmb.itpln.ac.id"
"241009574","Media Promosi Cetak (Poster, Flyer, Brosur)"
"241009575","Jejaring Sosial"
"241009584","Jejaring Sosial"
"241009587","Jejaring Sosial"
"241009589","Jejaring Sosial"
"241009591","Email / SMS Broadcast"
"241009595","Teman "
"241009595","Jejaring Sosial"
"241009600","Teman "
"241009602","Website infopmb.itpln.ac.id"
"241009606","Jejaring Sosial"
"241009607","Teman "
"241009611","Media Cetak (Surat Kabar, Koran, Majalah)"
"241009611","Website Lain"
"241009613","Teman "
"241009613","Media Promosi Cetak (Poster, Flyer, Brosur)"
"241009613","Jejaring Sosial"
"241009613","Website infopmb.itpln.ac.id"
"241009614","Jejaring Sosial"
"241009614","Website infopmb.itpln.ac.id"
"241009617","Website infopmb.itpln.ac.id"
"241009618","Teman "
"241009618","Jejaring Sosial"
"241009618","Media Elektronik (Televisi, Radio)"
"241009620","Jejaring Sosial"
"241009620","Teman "
"241009622","Website infopmb.itpln.ac.id"
"241009623","Teman "
"241009623","Jejaring Sosial"
"241009624","Jejaring Sosial"
"241009624","Website infopmb.itpln.ac.id"
"241009624","Website Lain"
"241009625","Website infopmb.itpln.ac.id"
"241009628","Teman "
"241009633","Jejaring Sosial"
"241009634","Website infopmb.itpln.ac.id"
"241009635","Teman "
"241009639","Jejaring Sosial"
"241009639","Teman "
"241009642","Jejaring Sosial"
"241009642","Website infopmb.itpln.ac.id"
"241009642","Teman "
"241009647","Media Cetak (Surat Kabar, Koran, Majalah)"
"241009650","Website infopmb.itpln.ac.id"
"241009650","Jejaring Sosial"
"241009655","Jejaring Sosial"
"241009657","Forum Diskusi Online"
"241009657","Media Promosi Cetak (Poster, Flyer, Brosur)"
"241009657","Teman "
"241009657","Guru / Sekolah"
"241009657","Website infopmb.itpln.ac.id"
"241009657","Website Lain"
"241009658","Website infopmb.itpln.ac.id"
"241009660","Website infopmb.itpln.ac.id"
"241009663","Jejaring Sosial"
"241009663","Website infopmb.itpln.ac.id"
"241009664","Website infopmb.itpln.ac.id"
"241009666","Teman "
"241009674","Teman "
"241009676","Teman "
"241009682","Jejaring Sosial"
"241009683","Teman "
"241009684","Media Elektronik (Televisi, Radio)"
"241009684","Teman "
"241009684","Jejaring Sosial"
"241009686","Website infopmb.itpln.ac.id"
"241009687","Website infopmb.itpln.ac.id"
"241009687","Website Lain"
"241009693","Jejaring Sosial"
"241009693","Website infopmb.itpln.ac.id"
"241009693","Media Elektronik (Televisi, Radio)"
"241009695","Teman "
"241009696","Teman "
"241009697","Website Lain"
"241009697","Website infopmb.itpln.ac.id"
"241009697","Guru / Sekolah"
"241009697","Teman "
"241009697","Jejaring Sosial"
"241009698","Website infopmb.itpln.ac.id"
"241009700","Website infopmb.itpln.ac.id"
"241009704","Website infopmb.itpln.ac.id"
"241009704","Guru / Sekolah"
"241009704","Teman "
"241009704","Jejaring Sosial"
"241009705","Teman "
"241009705","Website infopmb.itpln.ac.id"
"241009707","Jejaring Sosial"
"241009707","Teman "
"241009708","Website infopmb.itpln.ac.id"
"241009709","Website Lain"
"241009709","Jejaring Sosial"
"241009711","Website infopmb.itpln.ac.id"
"241009711","Media Promosi Cetak (Poster, Flyer, Brosur)"
"241009711","Media Cetak (Surat Kabar, Koran, Majalah)"
"241009711","Jejaring Sosial"
"241009716","Guru / Sekolah"
"241009716","Teman "
"241009718","Jejaring Sosial"
"241009719","Jejaring Sosial"
"241009723","Jejaring Sosial"
"241009725","Guru / Sekolah"
"241009725","Teman "
"241009731","Website infopmb.itpln.ac.id"
"241009732","Jejaring Sosial"
"241009733","Jejaring Sosial"
"241009733","Teman "
"241009733","Media Elektronik (Televisi, Radio)"
"241009733","Website infopmb.itpln.ac.id"
"241009734","Website infopmb.itpln.ac.id"
"241009734","Guru / Sekolah"
"241009734","Teman "
"241009735","Website infopmb.itpln.ac.id"
"241009736","Website infopmb.itpln.ac.id"
"241009738","Jejaring Sosial"
"241009738","Website infopmb.itpln.ac.id"
"241009740","Website infopmb.itpln.ac.id"
"241009740","Jejaring Sosial"
"241009740","Media Promosi Cetak (Poster, Flyer, Brosur)"
"241009741","Teman "
"241009742","Website infopmb.itpln.ac.id"
"241009743","Jejaring Sosial"
"241009747","Jejaring Sosial"
"241009747","Guru / Sekolah"
"241009748","Website infopmb.itpln.ac.id"
"241009751","Teman "
"241009752","Teman "
"241009753","Teman "
"241009753","Website Lain"
"241009753","Jejaring Sosial"
"241009753","Website infopmb.itpln.ac.id"
"241009754","Teman "
"241009754","Website Lain"
"241009754","Jejaring Sosial"
"241009754","Website infopmb.itpln.ac.id"
"241009755","Teman "
"241009756","Website infopmb.itpln.ac.id"
"241009758","Website infopmb.itpln.ac.id"
"241009763","Jejaring Sosial"
"241009765","Website infopmb.itpln.ac.id"
"241009766","Teman "
"241009769","Website infopmb.itpln.ac.id"
"241009770","Website infopmb.itpln.ac.id"
"241009775","Guru / Sekolah"
"241009776","Website infopmb.itpln.ac.id"
"241009777","Website Lain"
"241009777","Jejaring Sosial"
"241009777","Website infopmb.itpln.ac.id"
"241009779","Forum Diskusi Online"
"241009779","Guru / Sekolah"
"241009779","Jejaring Sosial"
"241009781","Teman "
"241009782","Website infopmb.itpln.ac.id"
"241009783","Website infopmb.itpln.ac.id"
"241009783","Jejaring Sosial"
"241009785","Jejaring Sosial"
"241009791","Jejaring Sosial"
"241009792","Teman "
"241009792","Jejaring Sosial"
"241009794","Website infopmb.itpln.ac.id"
"241009801","Website infopmb.itpln.ac.id"
"241009802","Website infopmb.itpln.ac.id"
"241009802","Teman "
"241009806","Website infopmb.itpln.ac.id"
"241009809","Guru / Sekolah"
"241009811","Jejaring Sosial"
"241009812","Jejaring Sosial"
"241009814","Jejaring Sosial"
"241009816","Jejaring Sosial"
"241009818","Website Lain"
"241009820","Website infopmb.itpln.ac.id"
"241009820","Jejaring Sosial"
"241009821","Jejaring Sosial"
"241009822","Media Cetak (Surat Kabar, Koran, Majalah)"
"241009823","Teman "
"241009825","Website Lain"
"241009825","Jejaring Sosial"
"241009830","Website infopmb.itpln.ac.id"
"241009831","Teman "
"241009831","Jejaring Sosial"
"241009832","Teman "
"241009833","Teman "
"241009834","Website infopmb.itpln.ac.id"
"241009835","Website infopmb.itpln.ac.id"
"241009836","Website infopmb.itpln.ac.id"
"241009836","Website Lain"
"241009836","Media Promosi Cetak (Poster, Flyer, Brosur)"
"241009836","Jejaring Sosial"
"241009843","Website infopmb.itpln.ac.id"
"241009845","Guru / Sekolah"
"241009846","Teman "
"241009850","Teman "
"241009851","Jejaring Sosial"
"241009853","Website infopmb.itpln.ac.id"
"241009853","Jejaring Sosial"
"241009855","Guru / Sekolah"
"241009856","Teman "
"241009857","Jejaring Sosial"
"241009857","Website infopmb.itpln.ac.id"
"241009857","Teman "
"241009859","Jejaring Sosial"
"241009862","Jejaring Sosial"
"241009864","Jejaring Sosial"
"241009865","Teman "
"241009867","Guru / Sekolah"
"241009867","Jejaring Sosial"
"241009869","Media Elektronik (Televisi, Radio)"
"241009870","Teman "
"241009871","Website infopmb.itpln.ac.id"
"241009872","Jejaring Sosial"
"241009873","Teman "
"241009874","Media Cetak (Surat Kabar, Koran, Majalah)"
"241009875","Jejaring Sosial"
"241009882","Jejaring Sosial"
"241009885","Jejaring Sosial"
"241009888","Guru / Sekolah"
"241009888","Website infopmb.itpln.ac.id"
"241009892","Teman "
"241009895","Teman "
"241009896","Jejaring Sosial"
"241009896","Teman "
"241009897","Jejaring Sosial"
"241009897","Website infopmb.itpln.ac.id"
"241009897","Teman "
"241009898","Website infopmb.itpln.ac.id"
"241009900","Website infopmb.itpln.ac.id"
"241009903","Media Elektronik (Televisi, Radio)"
"241009903","Media Promosi Cetak (Poster, Flyer, Brosur)"
"241009904","Media Cetak (Surat Kabar, Koran, Majalah)"
"241009905","Website infopmb.itpln.ac.id"
"241009906","Teman "
"241009907","Website infopmb.itpln.ac.id"
"241009910","Guru / Sekolah"
"241009910","Jejaring Sosial"
"241009910","Teman "
"241009911","Teman "
"241009912","Teman "
"241009913","Website infopmb.itpln.ac.id"
"241009914","Website infopmb.itpln.ac.id"
"241009915","Forum Diskusi Online"
"241009915","Guru / Sekolah"
"241009917","Teman "
"241009920","Jejaring Sosial"
"241009920","Forum Diskusi Online"
"241009920","Website infopmb.itpln.ac.id"
"241009920","Media Elektronik (Televisi, Radio)"
"241009920","Website Lain"
"241009920","Media Promosi Cetak (Poster, Flyer, Brosur)"
"241009920","Media Cetak (Surat Kabar, Koran, Majalah)"
"241009923","Teman "
"241009924","Jejaring Sosial"
"241009928","Jejaring Sosial"
"241009929","Website infopmb.itpln.ac.id"
"241009930","Jejaring Sosial"
"241009931","Website infopmb.itpln.ac.id"
"241009935","Teman "
"241009937","Teman "
"241009937","Jejaring Sosial"
"241009938","Teman "
"241009944","Media Promosi Cetak (Poster, Flyer, Brosur)"
"241009951","Jejaring Sosial"
"241009954","Forum Diskusi Online"
"241009954","Guru / Sekolah"
"241009954","Website Lain"
"241009954","Media Elektronik (Televisi, Radio)"
"241009954","Website infopmb.itpln.ac.id"
"241009959","Jejaring Sosial"
"241009963","Website Lain"
"241009964","Website infopmb.itpln.ac.id"
"241009965","Teman "
"241009965","Jejaring Sosial"
"241009968","Jejaring Sosial"
"241009969","Email / SMS Broadcast"
"241009972","Website infopmb.itpln.ac.id"
"241009977","Website infopmb.itpln.ac.id"
"241009980","Website infopmb.itpln.ac.id"
"241009981","Website infopmb.itpln.ac.id"
"241009987","Jejaring Sosial"
"241009987","Media Promosi Cetak (Poster, Flyer, Brosur)"
"241009987","Teman "
"241009987","Website infopmb.itpln.ac.id"
"241009988","Teman "
"241009988","Website infopmb.itpln.ac.id"
"241009997","Media Promosi Cetak (Poster, Flyer, Brosur)"
"241010001","Guru / Sekolah"
"241010001","Teman "
"241010001","Media Elektronik (Televisi, Radio)"
"241010001","Website infopmb.itpln.ac.id"
"241010002","Teman "
"241010007","Website infopmb.itpln.ac.id"
"241010012","Website Lain"
"241010012","Media Elektronik (Televisi, Radio)"
"241010012","Jejaring Sosial"
"241010013","Website infopmb.itpln.ac.id"
"241010015","Website infopmb.itpln.ac.id"
"241010016","Teman "
"241010023","Jejaring Sosial"
"241010026","Jejaring Sosial"
"241010032","Website infopmb.itpln.ac.id"
"241010036","Website Lain"
"241010037","Teman "
"241010039","Jejaring Sosial"
"241010043","Website infopmb.itpln.ac.id"
"241010046","Teman "
"241010052","Jejaring Sosial"
"241010054","Jejaring Sosial"
"241010054","Website infopmb.itpln.ac.id"
"241010055","Website infopmb.itpln.ac.id"
"241010056","Teman "
"241010056","Jejaring Sosial"
"241010059","Jejaring Sosial"
"241010059","Guru / Sekolah"
"241010059","Teman "
"241010060","Website infopmb.itpln.ac.id"
"241010061","Media Cetak (Surat Kabar, Koran, Majalah)"
"241010062","Website infopmb.itpln.ac.id"
"241010063","Website infopmb.itpln.ac.id"
"241010064","Website Lain"
"241010067","Jejaring Sosial"
"241010067","Email / SMS Broadcast"
"241010067","Teman "
"241010071","Jejaring Sosial"
"241010072","Website Lain"
"241010073","Media Cetak (Surat Kabar, Koran, Majalah)"
"241010074","Website infopmb.itpln.ac.id"
"241010074","Teman "
"241010076","Website infopmb.itpln.ac.id"
"241010081","Media Cetak (Surat Kabar, Koran, Majalah)"
"241010085","Jejaring Sosial"
"241010086","Website infopmb.itpln.ac.id"
"241010087","Media Cetak (Surat Kabar, Koran, Majalah)"
"241010094","Guru / Sekolah"
"241010096","Guru / Sekolah"
"241010096","Website infopmb.itpln.ac.id"
"241010096","Media Elektronik (Televisi, Radio)"
"241010096","Teman "
"241010096","Media Promosi Cetak (Poster, Flyer, Brosur)"
"241010096","Media Cetak (Surat Kabar, Koran, Majalah)"
"241010097","Jejaring Sosial"
"241010097","Teman "
"241010098","Jejaring Sosial"
"241010100","Website infopmb.itpln.ac.id"
"241010105","Media Cetak (Surat Kabar, Koran, Majalah)"
"241010107","Website infopmb.itpln.ac.id"
"241010108","Jejaring Sosial"
"241010110","Jejaring Sosial"
"241010110","Teman "
"241010110","Website infopmb.itpln.ac.id"
"241010116","Teman "
"241010117","Website infopmb.itpln.ac.id"
"241010127","Media Cetak (Surat Kabar, Koran, Majalah)"
"241010127","Forum Diskusi Online"
"241010127","Website Lain"
"241010127","Teman "
"241010127","Website infopmb.itpln.ac.id"
"241010130","Website infopmb.itpln.ac.id"
"241010132","Guru / Sekolah"
"241010133","Website infopmb.itpln.ac.id"
"241010135","Teman "
"241010135","Website infopmb.itpln.ac.id"
"241010136","Website infopmb.itpln.ac.id"
"241010136","Teman "
"241010138","Website infopmb.itpln.ac.id"
"241010139","Guru / Sekolah"
"241010145","Website infopmb.itpln.ac.id"
"241010147","Jejaring Sosial"
"241010149","Website infopmb.itpln.ac.id"
"241010149","Guru / Sekolah"
"241010149","Jejaring Sosial"
"241010149","Media Elektronik (Televisi, Radio)"
"241010149","Teman "
"241010150","Jejaring Sosial"
"241010159","Teman "
"241010159","Jejaring Sosial"
"241010162","Media Cetak (Surat Kabar, Koran, Majalah)"
"241010162","Website infopmb.itpln.ac.id"
"241010165","Jejaring Sosial"
"241010168","Teman "
"241010169","Website infopmb.itpln.ac.id"
"241010173","Jejaring Sosial"
"241010174","Jejaring Sosial"
"241010178","Media Cetak (Surat Kabar, Koran, Majalah)"
"241010179","Website infopmb.itpln.ac.id"
"241010181","Teman "
"241010186","Website Lain"
"241010187","Website infopmb.itpln.ac.id"
"241010189","Media Cetak (Surat Kabar, Koran, Majalah)"
"241010190","Teman "
"241010193","Media Cetak (Surat Kabar, Koran, Majalah)"
"241010195","Jejaring Sosial"
"241010197","Teman "
"241010197","Website infopmb.itpln.ac.id"
"241010200","Jejaring Sosial"
"241010203","Website infopmb.itpln.ac.id"
"241010205","Website infopmb.itpln.ac.id"
"241010206","Teman "
"241010207","Jejaring Sosial"
"241010208","Teman "
"241010210","Jejaring Sosial"
"241010211","Jejaring Sosial"
"241010213","Website infopmb.itpln.ac.id"
"241010214","Jejaring Sosial"
"241010214","Teman "
"241010214","Website infopmb.itpln.ac.id"
"241010216","Jejaring Sosial"
"241010221","Jejaring Sosial"
"241010222","Jejaring Sosial"
"241010226","Jejaring Sosial"
"241010231","Teman "
"241010231","Website infopmb.itpln.ac.id"
"241010233","Teman "
"241010237","Teman "
"241010246","Teman "
"241010249","Website infopmb.itpln.ac.id"
"241010257","Media Cetak (Surat Kabar, Koran, Majalah)"
"241010257","Forum Diskusi Online"
"241010257","Jejaring Sosial"
"241010257","Teman "
"241010258","Website infopmb.itpln.ac.id"
"241010259","Website infopmb.itpln.ac.id"
"241010266","Teman "
"241010268","Jejaring Sosial"
"241010269","Jejaring Sosial"
"241010270","Website Lain"
"241010271","Jejaring Sosial"
"241010272","Guru / Sekolah"
"241010275","Jejaring Sosial"
"241010275","Media Elektronik (Televisi, Radio)"
"241010276","Media Elektronik (Televisi, Radio)"
"241010280","Website infopmb.itpln.ac.id"
"241010281","Teman "
"241010289","Website infopmb.itpln.ac.id"
"241010289","Teman "
"241010293","Email / SMS Broadcast"
"241010293","Jejaring Sosial"
"241010293","Website Lain"
"241010300","Email / SMS Broadcast"
"241010302","Website Lain"
"241010302","Teman "
"241010302","Jejaring Sosial"
"241010308","Forum Diskusi Online"
"241010311","Spanduk"
"241010315","Website infopmb.itpln.ac.id"
"241010315","Forum Diskusi Online"
"241010316","Website infopmb.itpln.ac.id"
"241010316","Email / SMS Broadcast"
"241010316","Jejaring Sosial"
"241010317","Teman "
"241010322","Website infopmb.itpln.ac.id"
"241010325","Email / SMS Broadcast"
"241010325","Jejaring Sosial"
"241010326","Jejaring Sosial"
"241010327","Website infopmb.itpln.ac.id"
"241010329","Jejaring Sosial"
"241010329","Email / SMS Broadcast"
"241010329","Forum Diskusi Online"
"241010329","Website infopmb.itpln.ac.id"
"241010329","Media Elektronik (Televisi, Radio)"
"241010335","Media Promosi Cetak (Poster, Flyer, Brosur)"
"241010336","Teman "
"241010336","Jejaring Sosial"
"241010336","Email / SMS Broadcast"
"241010337","Email / SMS Broadcast"
"241010338","Website infopmb.itpln.ac.id"
"241010340","Website infopmb.itpln.ac.id"
"241010343","Teman "
"241010343","Website infopmb.itpln.ac.id"
"241010343","Media Elektronik (Televisi, Radio)"
"241010343","Media Promosi Cetak (Poster, Flyer, Brosur)"
"241010346","Jejaring Sosial"
"241010350","Email / SMS Broadcast"
"241010350","Forum Diskusi Online"
"241010352","Forum Diskusi Online"
"241010352","Media Elektronik (Televisi, Radio)"
"241010354","Media Cetak (Surat Kabar, Koran, Majalah)"
"241010354","Website infopmb.itpln.ac.id"
"241010356","Media Elektronik (Televisi, Radio)"
"241010357","Website infopmb.itpln.ac.id"
"241010357","Jejaring Sosial"
"241010357","Media Promosi Cetak (Poster, Flyer, Brosur)"
"241010358","Jejaring Sosial"
"241010360","Jejaring Sosial"
"241010363","Jejaring Sosial"
"241010363","Teman "
"241010364","Teman "
"241010364","Jejaring Sosial"
"241010364","Website infopmb.itpln.ac.id"
"241010364","Email / SMS Broadcast"
"241010364","Forum Diskusi Online"
"241010364","Media Elektronik (Televisi, Radio)"
"241010364","Media Promosi Cetak (Poster, Flyer, Brosur)"
"241010364","Website Lain"
"241010377","Teman "
"241010378","Jejaring Sosial"
"241010380","Media Cetak (Surat Kabar, Koran, Majalah)"
"241010380","Forum Diskusi Online"
"241010383","Teman "
"241010383","Jejaring Sosial"
"241010384","Forum Diskusi Online"
"241010384","Jejaring Sosial"
"241010384","Teman "
"241010384","Website Lain"
"241010387","Jejaring Sosial"
"241010389","Teman "
"241010389","Jejaring Sosial"
"241010389","Website infopmb.itpln.ac.id"
"241010395","Teman "
"241010395","Jejaring Sosial"
"241010395","Website infopmb.itpln.ac.id"
"241010395","Forum Diskusi Online"
"241010396","Forum Diskusi Online"
"241010396","Website Lain"
"241010396","Jejaring Sosial"
"241010396","Teman "
"241010402","Jejaring Sosial"
"241010402","Teman "
"241010403","Forum Diskusi Online"
"241010406","Website infopmb.itpln.ac.id"
"241010411","Website infopmb.itpln.ac.id"
"241010411","Teman "
"241010413","Website infopmb.itpln.ac.id"
"241010414","Forum Diskusi Online"
"241010415","Email / SMS Broadcast"
"241010418","Jejaring Sosial"
"241010423","Teman "
"241010423","Jejaring Sosial"
"241010423","Email / SMS Broadcast"
"241010423","Website infopmb.itpln.ac.id"
"241010424","Website Lain"
"241010432","Website infopmb.itpln.ac.id"
"241010432","Website Lain"
"241010433","Website infopmb.itpln.ac.id"
"241010433","Jejaring Sosial"
"241010433","Forum Diskusi Online"
"241010433","Media Cetak (Surat Kabar, Koran, Majalah)"
"241010434","Website infopmb.itpln.ac.id"
"241010434","Media Promosi Cetak (Poster, Flyer, Brosur)"
"241010435","Teman "
"241010435","Jejaring Sosial"
"241010435","Website infopmb.itpln.ac.id"
"241010437","Website infopmb.itpln.ac.id"
"241010439","Email / SMS Broadcast"
"241010439","Website Lain"
"241010440","Forum Diskusi Online"
"241010468","Media Elektronik (Televisi, Radio)"
"241010468","Website infopmb.itpln.ac.id"
"241010528","Website infopmb.itpln.ac.id"
"241010529","Jejaring Sosial"
"241010529","Website Lain"
"241010529","Teman "
"241010530","Teman "
"241010534","Website infopmb.itpln.ac.id"
"241010662","Teman "
"241010693","Guru / Sekolah"
"241010712","Media Promosi Cetak (Poster, Flyer, Brosur)"
"241010771","Jejaring Sosial"
"241010793","Website infopmb.itpln.ac.id"
"241010793","Website Lain"
"241010793","Jejaring Sosial"
"241010793","Forum Diskusi Online"
"241010859","Jejaring Sosial"
"241010863","Jejaring Sosial"
"241010867","Teman "
"241010968","Teman "
"241010968","Jejaring Sosial"
"241011025","Website Lain"
"241011261","Jejaring Sosial"
"241011269","Jejaring Sosial"
"241011367","Website infopmb.itpln.ac.id"
"241011393","Teman "
"241011455","Media Promosi Cetak (Poster, Flyer, Brosur)"
"241011455","Jejaring Sosial"
"241011455","Forum Diskusi Online"
"241011529","Website infopmb.itpln.ac.id"
"241011549","Website infopmb.itpln.ac.id"
"241011557","Jejaring Sosial"
"241011576","Website infopmb.itpln.ac.id"
"241011625","Media Elektronik (Televisi, Radio)"
"241011625","Website Lain"
"241011642","Teman "
"241011660","Website infopmb.itpln.ac.id"
"241011661","Jejaring Sosial"
"241011662","Website Lain"
"241011709","Teman "
"241011725","Jejaring Sosial"
"241011734","Website Lain"
"241011734","Website infopmb.itpln.ac.id"
"241011752","Teman "
"241011752","Website infopmb.itpln.ac.id"
"241011754","Jejaring Sosial"
"241011820","Website infopmb.itpln.ac.id"
"241011887","Website Lain"
"241011887","Media Elektronik (Televisi, Radio)"
"241011951","Website infopmb.itpln.ac.id"
"241012001","Teman "
"241012012","Website infopmb.itpln.ac.id"
"241012026","Teman "
"241012058","Teman "
"241012077","Website infopmb.itpln.ac.id"
"241012083","Website Lain"
"241012127","Website infopmb.itpln.ac.id"
"241012140","Website infopmb.itpln.ac.id"
"241012140","Email / SMS Broadcast"
"241012150","Website infopmb.itpln.ac.id"
"241012150","Jejaring Sosial"
"241012151","Website Lain"
"241012151","Jejaring Sosial"
"241012161","Website infopmb.itpln.ac.id"
"241012190","Jejaring Sosial"
"241012193","Teman "
"241012215","Teman "
"241012215","Jejaring Sosial"
"241012221","Teman "
"241012231","Jejaring Sosial"
"241012234","Media Cetak (Surat Kabar, Koran, Majalah)"
"241012272","Teman "
"241012274","Media Promosi Cetak (Poster, Flyer, Brosur)"
"241012276","Website infopmb.itpln.ac.id"
"241012296","Website infopmb.itpln.ac.id"
"241012299","Jejaring Sosial"
"241012300","Website infopmb.itpln.ac.id"
"241012301","Teman "
"241012304","Jejaring Sosial"
"241012304","Guru / Sekolah"
"241012309","Jejaring Sosial"
"241012332","Teman "
"241012369","Jejaring Sosial"
"241012369","Website infopmb.itpln.ac.id"
"241012380","Email / SMS Broadcast"
"241012387","Teman "
"241012415","Guru / Sekolah"
